article_title,wikipedia_url,ranking,per_paragraph_labels,tier_assignment,notes
Gospel of Mark,https://en.wikipedia.org/wiki/Gospel_of_Mark,2,"[{""para_num"": 1, ""label"": ""data"", ""confidence"": 0.6}, {""para_num"": 2, ""label"": ""interpretation"", ""confidence"": 0.75}, {""para_num"": 3, ""label"": ""data"", ""confidence"": 0.6}, {""para_num"": 4, ""label"": ""interpretation"", ""confidence"": 0.75}, {""para_num"": 5, ""label"": ""interpretation"", ""confidence"": 0.85}, {""para_num"": 6, ""label"": ""interpretation"", ""confidence"": 0.9}, {""para_num"": 7, ""label"": ""interpretation"", ""confidence"": 0.85}, {""para_num"": 8, ""label"": ""interpretation"", ""confidence"": 0.9}, {""para_num"": 9, ""label"": ""data"", ""confidence"": 0.55}, {""para_num"": 10, ""label"": ""interpretation"", ""confidence"": 0.85}, {""para_num"": 11, ""label"": ""data"", ""confidence"": 0.6}, {""para_num"": 12, ""label"": ""interpretation"", ""confidence"": 0.9}, {""para_num"": 13, ""label"": ""interpretation"", ""confidence"": 0.9}, {""para_num"": 14, ""label"": ""interpretation"", ""confidence"": 0.85}, {""para_num"": 15, ""label"": ""data"", ""confidence"": 0.9}, {""para_num"": 16, ""label"": ""data"", ""confidence"": 0.9}, {""para_num"": 17, ""label"": ""data"", ""confidence"": 0.9}, {""para_num"": 18, ""label"": ""data"", ""confidence"": 0.9}, {""para_num"": 19, ""label"": ""data"", ""confidence"": 0.9}, {""para_num"": 20, ""label"": ""data"", ""confidence"": 0.9}, {""para_num"": 21, ""label"": ""interpretation"", ""confidence"": 0.65}, {""para_num"": 22, ""label"": ""interpretation"", ""confidence"": 0.8}, {""para_num"": 23, ""label"": ""interpretation"", ""confidence"": 0.85}, {""para_num"": 24, ""label"": ""interpretation"", ""confidence"": 0.6}, {""para_num"": 25, ""label"": ""interpretation"", ""confidence"": 0.9}, {""para_num"": 26, ""label"": ""interpretation"", ""confidence"": 0.9}, {""para_num"": 27, ""label"": ""interpretation"", ""confidence"": 0.85}, {""para_num"": 28, ""label"": ""interpretation"", ""confidence"": 0.8}, {""para_num"": 29, ""label"": ""interpretation"", ""confidence"": 0.75}, {""para_num"": 30, ""label"": ""interpretation"", ""confidence"": 0.75}, {""para_num"": 31, ""label"": ""interpretation"", ""confidence"": 0.7}, {""para_num"": 32, ""label"": ""interpretation"", ""confidence"": 0.85}, {""para_num"": 33, ""label"": ""interpretation"", ""confidence"": 0.6}, {""para_num"": 34, ""label"": ""data"", ""confidence"": 0.7}, {""para_num"": 35, ""label"": ""neither"", ""confidence"": 0.6}, {""para_num"": 36, ""label"": ""data"", ""confidence"": 0.75}, {""para_num"": 37, ""label"": ""neither"", ""confidence"": 0.7}, {""para_num"": 38, ""label"": ""data"", ""confidence"": 0.75}, {""para_num"": 39, ""label"": ""data"", ""confidence"": 0.6}, {""para_num"": 40, ""label"": ""data"", ""confidence"": 0.75}, {""para_num"": 41, ""label"": ""data"", ""confidence"": 0.8}, {""para_num"": 42, ""label"": ""data"", ""confidence"": 0.8}, {""para_num"": 43, ""label"": ""data"", ""confidence"": 0.75}, {""para_num"": 44, ""label"": ""data"", ""confidence"": 0.75}, {""para_num"": 45, ""label"": ""data"", ""confidence"": 0.8}, {""para_num"": 46, ""label"": ""data"", ""confidence"": 0.8}]",clear_split,"Clusters cleanly: lead/Composition is interpretation-heavy (authorship/dating debate), the unheaded 'Content' narrative summary (paras 15-20) is pure data despite sitting between interpretive 'Historicity' and 'Ending' sections, and Theology reverts to sustained interpretation. The 'Historicity' subheading is itself entirely scholarly debate, not raw historical data."
Gospel of John,https://en.wikipedia.org/wiki/Gospel_of_John,4,"[{""para_num"": 1, ""label"": ""data"", ""confidence"": 0.7}, {""para_num"": 2, ""label"": ""interpretation"", ""confidence"": 0.8}, {""para_num"": 3, ""label"": ""interpretation"", ""confidence"": 0.75}, {""para_num"": 4, ""label"": ""interpretation"", ""confidence"": 0.75}, {""para_num"": 5, ""label"": ""interpretation"", ""confidence"": 0.85}, {""para_num"": 6, ""label"": ""interpretation"", ""confidence"": 0.85}, {""para_num"": 7, ""label"": ""interpretation"", ""confidence"": 0.85}, {""para_num"": 8, ""label"": ""interpretation"", ""confidence"": 0.65}, {""para_num"": 9, ""label"": ""data"", ""confidence"": 0.75}, {""para_num"": 10, ""label"": ""data"", ""confidence"": 0.8}, {""para_num"": 11, ""label"": ""data"", ""confidence"": 0.8}, {""para_num"": 12, ""label"": ""interpretation"", ""confidence"": 0.55}, {""para_num"": 13, ""label"": ""data"", ""confidence"": 0.8}, {""para_num"": 14, ""label"": ""data"", ""confidence"": 0.55}, {""para_num"": 15, ""label"": ""interpretation"", ""confidence"": 0.85}, {""para_num"": 16, ""label"": ""interpretation"", ""confidence"": 0.7}, {""para_num"": 17, ""label"": ""interpretation"", ""confidence"": 0.8}, {""para_num"": 18, ""label"": ""interpretation"", ""confidence"": 0.75}, {""para_num"": 19, ""label"": ""interpretation"", ""confidence"": 0.75}, {""para_num"": 20, ""label"": ""interpretation"", ""confidence"": 0.7}, {""para_num"": 21, ""label"": ""interpretation"", ""confidence"": 0.8}, {""para_num"": 22, ""label"": ""interpretation"", ""confidence"": 0.75}, {""para_num"": 23, ""label"": ""interpretation"", ""confidence"": 0.8}, {""para_num"": 24, ""label"": ""interpretation"", ""confidence"": 0.75}, {""para_num"": 25, ""label"": ""data"", ""confidence"": 0.55}, {""para_num"": 26, ""label"": ""interpretation"", ""confidence"": 0.55}, {""para_num"": 27, ""label"": ""interpretation"", ""confidence"": 0.9}, {""para_num"": 28, ""label"": ""interpretation"", ""confidence"": 0.8}, {""para_num"": 29, ""label"": ""interpretation"", ""confidence"": 0.75}, {""para_num"": 30, ""label"": ""neither"", ""confidence"": 0.7}, {""para_num"": 31, ""label"": ""data"", ""confidence"": 0.65}, {""para_num"": 32, ""label"": ""interpretation"", ""confidence"": 0.7}, {""para_num"": 33, ""label"": ""data"", ""confidence"": 0.6}, {""para_num"": 34, ""label"": ""data"", ""confidence"": 0.7}, {""para_num"": 35, ""label"": ""data"", ""confidence"": 0.6}, {""para_num"": 36, ""label"": ""interpretation"", ""confidence"": 0.75}, {""para_num"": 37, ""label"": ""interpretation"", ""confidence"": 0.7}, {""para_num"": 38, ""label"": ""interpretation"", ""confidence"": 0.7}, {""para_num"": 39, ""label"": ""neither"", ""confidence"": 0.6}, {""para_num"": 40, ""label"": ""interpretation"", ""confidence"": 0.75}, {""para_num"": 41, ""label"": ""interpretation"", ""confidence"": 0.85}, {""para_num"": 42, ""label"": ""interpretation"", ""confidence"": 0.85}, {""para_num"": 43, ""label"": ""interpretation"", ""confidence"": 0.85}, {""para_num"": 44, ""label"": ""data"", ""confidence"": 0.75}, {""para_num"": 45, ""label"": ""data"", ""confidence"": 0.85}, {""para_num"": 46, ""label"": ""data"", ""confidence"": 0.85}]",clear_split,"The 'Structure and content' section (paras 9-14) reverts to pure narrative data despite being sandwiched between heavily interpretive Authorship and Theology sections; 'Reception history' at the end is likewise straightforwardly factual even though it follows the most interpretation-dense section, 'Historical reliability'."
Gospel of Luke,https://en.wikipedia.org/wiki/Gospel_of_Luke,5,"[{""para_num"": 1, ""label"": ""data"", ""confidence"": 0.7}, {""para_num"": 2, ""label"": ""interpretation"", ""confidence"": 0.7}, {""para_num"": 3, ""label"": ""data"", ""confidence"": 0.55}, {""para_num"": 4, ""label"": ""data"", ""confidence"": 0.65}, {""para_num"": 5, ""label"": ""data"", ""confidence"": 0.75}, {""para_num"": 6, ""label"": ""data"", ""confidence"": 0.6}, {""para_num"": 7, ""label"": ""interpretation"", ""confidence"": 0.75}, {""para_num"": 8, ""label"": ""interpretation"", ""confidence"": 0.85}, {""para_num"": 9, ""label"": ""interpretation"", ""confidence"": 0.8}, {""para_num"": 10, ""label"": ""interpretation"", ""confidence"": 0.75}, {""para_num"": 11, ""label"": ""interpretation"", ""confidence"": 0.8}, {""para_num"": 12, ""label"": ""interpretation"", ""confidence"": 0.75}, {""para_num"": 13, ""label"": ""interpretation"", ""confidence"": 0.75}, {""para_num"": 14, ""label"": ""neither"", ""confidence"": 0.75}, {""para_num"": 15, ""label"": ""neither"", ""confidence"": 0.8}, {""para_num"": 16, ""label"": ""interpretation"", ""confidence"": 0.7}, {""para_num"": 17, ""label"": ""interpretation"", ""confidence"": 0.85}, {""para_num"": 18, ""label"": ""interpretation"", ""confidence"": 0.85}, {""para_num"": 19, ""label"": ""interpretation"", ""confidence"": 0.85}, {""para_num"": 20, ""label"": ""interpretation"", ""confidence"": 0.8}, {""para_num"": 21, ""label"": ""interpretation"", ""confidence"": 0.7}, {""para_num"": 22, ""label"": ""interpretation"", ""confidence"": 0.7}, {""para_num"": 23, ""label"": ""interpretation"", ""confidence"": 0.65}, {""para_num"": 24, ""label"": ""neither"", ""confidence"": 0.75}, {""para_num"": 25, ""label"": ""interpretation"", ""confidence"": 0.7}, {""para_num"": 26, ""label"": ""data"", ""confidence"": 0.6}, {""para_num"": 27, ""label"": ""data"", ""confidence"": 0.65}, {""para_num"": 28, ""label"": ""data"", ""confidence"": 0.75}, {""para_num"": 29, ""label"": ""interpretation"", ""confidence"": 0.7}]",clear_split,"Front-loaded data block (manuscript facts) gives way to a long interpretation-dominated run covering authorship/genre debate through all of Theology, then data returns for the Marcion/reception material at the end; the 'Structure' subsections are pure enumerated lists, not real prose."
Gospel of Matthew,https://en.wikipedia.org/wiki/Gospel_of_Matthew,9,"[{""para_num"": 1, ""label"": ""data"", ""confidence"": 0.65}, {""para_num"": 2, ""label"": ""data"", ""confidence"": 0.6}, {""para_num"": 3, ""label"": ""interpretation"", ""confidence"": 0.7}, {""para_num"": 4, ""label"": ""interpretation"", ""confidence"": 0.6}, {""para_num"": 5, ""label"": ""interpretation"", ""confidence"": 0.85}, {""para_num"": 6, ""label"": ""interpretation"", ""confidence"": 0.55}, {""para_num"": 7, ""label"": ""interpretation"", ""confidence"": 0.8}, {""para_num"": 8, ""label"": ""interpretation"", ""confidence"": 0.8}, {""para_num"": 9, ""label"": ""interpretation"", ""confidence"": 0.7}, {""para_num"": 10, ""label"": ""interpretation"", ""confidence"": 0.75}, {""para_num"": 11, ""label"": ""interpretation"", ""confidence"": 0.7}, {""para_num"": 12, ""label"": ""interpretation"", ""confidence"": 0.65}, {""para_num"": 13, ""label"": ""interpretation"", ""confidence"": 0.8}, {""para_num"": 14, ""label"": ""data"", ""confidence"": 0.8}, {""para_num"": 15, ""label"": ""data"", ""confidence"": 0.85}, {""para_num"": 16, ""label"": ""data"", ""confidence"": 0.8}, {""para_num"": 17, ""label"": ""data"", ""confidence"": 0.65}, {""para_num"": 18, ""label"": ""data"", ""confidence"": 0.8}, {""para_num"": 19, ""label"": ""data"", ""confidence"": 0.8}, {""para_num"": 20, ""label"": ""data"", ""confidence"": 0.8}, {""para_num"": 21, ""label"": ""data"", ""confidence"": 0.85}, {""para_num"": 22, ""label"": ""data"", ""confidence"": 0.85}, {""para_num"": 23, ""label"": ""interpretation"", ""confidence"": 0.7}, {""para_num"": 24, ""label"": ""interpretation"", ""confidence"": 0.85}, {""para_num"": 25, ""label"": ""interpretation"", ""confidence"": 0.7}, {""para_num"": 26, ""label"": ""interpretation"", ""confidence"": 0.75}, {""para_num"": 27, ""label"": ""interpretation"", ""confidence"": 0.7}, {""para_num"": 28, ""label"": ""interpretation"", ""confidence"": 0.85}, {""para_num"": 29, ""label"": ""interpretation"", ""confidence"": 0.8}, {""para_num"": 30, ""label"": ""data"", ""confidence"": 0.65}, {""para_num"": 31, ""label"": ""data"", ""confidence"": 0.7}]",clear_split,"Unusually clean four-block alternation: lead+Composition = interpretation, all of Structure and content = pure narrative data, Theology+Comparison = interpretation, Reception = data. 'Structure and content' subheadings look identical in form to the interpretive 'Christology' heading but are entirely narrative underneath."
Historicity of the Gospels,https://en.wikipedia.org/wiki/Historicity_of_the_Gospels,118,"[{""para_num"": 1, ""label"": ""interpretation"", ""confidence"": 0.7}, {""para_num"": 2, ""label"": ""interpretation"", ""confidence"": 0.75}, {""para_num"": 3, ""label"": ""interpretation"", ""confidence"": 0.7}, {""para_num"": 4, ""label"": ""interpretation"", ""confidence"": 0.65}, {""para_num"": 5, ""label"": ""data"", ""confidence"": 0.6}, {""para_num"": 6, ""label"": ""interpretation"", ""confidence"": 0.9}, {""para_num"": 7, ""label"": ""interpretation"", ""confidence"": 0.75}, {""para_num"": 8, ""label"": ""interpretation"", ""confidence"": 0.7}, {""para_num"": 9, ""label"": ""interpretation"", ""confidence"": 0.9}, {""para_num"": 10, ""label"": ""interpretation"", ""confidence"": 0.9}, {""para_num"": 11, ""label"": ""interpretation"", ""confidence"": 0.75}, {""para_num"": 12, ""label"": ""interpretation"", ""confidence"": 0.85}, {""para_num"": 13, ""label"": ""interpretation"", ""confidence"": 0.85}, {""para_num"": 14, ""label"": ""interpretation"", ""confidence"": 0.8}, {""para_num"": 15, ""label"": ""interpretation"", ""confidence"": 0.75}, {""para_num"": 16, ""label"": ""interpretation"", ""confidence"": 0.7}, {""para_num"": 17, ""label"": ""interpretation"", ""confidence"": 0.7}, {""para_num"": 18, ""label"": ""interpretation"", ""confidence"": 0.7}, {""para_num"": 19, ""label"": ""interpretation"", ""confidence"": 0.7}, {""para_num"": 20, ""label"": ""interpretation"", ""confidence"": 0.7}, {""para_num"": 21, ""label"": ""interpretation"", ""confidence"": 0.8}, {""para_num"": 22, ""label"": ""interpretation"", ""confidence"": 0.55}, {""para_num"": 23, ""label"": ""interpretation"", ""confidence"": 0.75}, {""para_num"": 24, ""label"": ""interpretation"", ""confidence"": 0.7}, {""para_num"": 25, ""label"": ""interpretation"", ""confidence"": 0.7}, {""para_num"": 26, ""label"": ""data"", ""confidence"": 0.7}, {""para_num"": 27, ""label"": ""data"", ""confidence"": 0.6}, {""para_num"": 28, ""label"": ""interpretation"", ""confidence"": 0.8}, {""para_num"": 29, ""label"": ""interpretation"", ""confidence"": 0.75}, {""para_num"": 30, ""label"": ""interpretation"", ""confidence"": 0.85}, {""para_num"": 31, ""label"": ""interpretation"", ""confidence"": 0.85}, {""para_num"": 32, ""label"": ""interpretation"", ""confidence"": 0.7}, {""para_num"": 33, ""label"": ""interpretation"", ""confidence"": 0.8}, {""para_num"": 34, ""label"": ""interpretation"", ""confidence"": 0.7}, {""para_num"": 35, ""label"": ""interpretation"", ""confidence"": 0.8}, {""para_num"": 36, ""label"": ""interpretation"", ""confidence"": 0.7}, {""para_num"": 37, ""label"": ""interpretation"", ""confidence"": 0.55}, {""para_num"": 38, ""label"": ""data"", ""confidence"": 0.6}, {""para_num"": 39, ""label"": ""data"", ""confidence"": 0.6}, {""para_num"": 40, ""label"": ""data"", ""confidence"": 0.65}, {""para_num"": 41, ""label"": ""data"", ""confidence"": 0.75}, {""para_num"": 42, ""label"": ""data"", ""confidence"": 0.75}, {""para_num"": 43, ""label"": ""interpretation"", ""confidence"": 0.65}, {""para_num"": 44, ""label"": ""interpretation"", ""confidence"": 0.65}, {""para_num"": 45, ""label"": ""interpretation"", ""confidence"": 0.65}, {""para_num"": 46, ""label"": ""interpretation"", ""confidence"": 0.8}, {""para_num"": 47, ""label"": ""interpretation"", ""confidence"": 0.8}, {""para_num"": 48, ""label"": ""interpretation"", ""confidence"": 0.75}, {""para_num"": 49, ""label"": ""interpretation"", ""confidence"": 0.85}, {""para_num"": 50, ""label"": ""interpretation"", ""confidence"": 0.8}, {""para_num"": 51, ""label"": ""interpretation"", ""confidence"": 0.65}, {""para_num"": 52, ""label"": ""interpretation"", ""confidence"": 0.75}, {""para_num"": 53, ""label"": ""interpretation"", ""confidence"": 0.8}, {""para_num"": 54, ""label"": ""interpretation"", ""confidence"": 0.85}, {""para_num"": 55, ""label"": ""data"", ""confidence"": 0.55}]",clear_split,"IMPORTANT: this URL renders byte-for-byte the same article text as 'Historical reliability of the Gospels' (ranking 117) — same title, same 55 paragraphs, same section headings — one appears to be a redirect/duplicate of the other rather than a distinct article. Labels and notes are identical to that entry for this reason; flagged as a quality-check item per the labelling procedure rather than silently deduplicated."
Gospel harmony,https://en.wikipedia.org/wiki/Gospel_harmony,126,"[{""para_num"": 1, ""label"": ""data"", ""confidence"": 0.65}, {""para_num"": 2, ""label"": ""data"", ""confidence"": 0.65}, {""para_num"": 3, ""label"": ""interpretation"", ""confidence"": 0.75}, {""para_num"": 4, ""label"": ""data"", ""confidence"": 0.7}, {""para_num"": 5, ""label"": ""data"", ""confidence"": 0.6}, {""para_num"": 6, ""label"": ""data"", ""confidence"": 0.55}, {""para_num"": 7, ""label"": ""data"", ""confidence"": 0.55}, {""para_num"": 8, ""label"": ""interpretation"", ""confidence"": 0.65}, {""para_num"": 9, ""label"": ""interpretation"", ""confidence"": 0.6}, {""para_num"": 10, ""label"": ""interpretation"", ""confidence"": 0.55}, {""para_num"": 11, ""label"": ""interpretation"", ""confidence"": 0.75}, {""para_num"": 12, ""label"": ""interpretation"", ""confidence"": 0.7}, {""para_num"": 13, ""label"": ""neither"", ""confidence"": 0.7}, {""para_num"": 14, ""label"": ""data"", ""confidence"": 0.75}, {""para_num"": 15, ""label"": ""data"", ""confidence"": 0.8}, {""para_num"": 16, ""label"": ""data"", ""confidence"": 0.75}, {""para_num"": 17, ""label"": ""data"", ""confidence"": 0.6}, {""para_num"": 18, ""label"": ""data"", ""confidence"": 0.7}, {""para_num"": 19, ""label"": ""data"", ""confidence"": 0.75}, {""para_num"": 20, ""label"": ""data"", ""confidence"": 0.75}, {""para_num"": 21, ""label"": ""data"", ""confidence"": 0.7}, {""para_num"": 22, ""label"": ""interpretation"", ""confidence"": 0.65}, {""para_num"": 23, ""label"": ""data"", ""confidence"": 0.65}, {""para_num"": 24, ""label"": ""data"", ""confidence"": 0.75}, {""para_num"": 25, ""label"": ""data"", ""confidence"": 0.6}, {""para_num"": 26, ""label"": ""data"", ""confidence"": 0.6}, {""para_num"": 27, ""label"": ""neither"", ""confidence"": 0.65}]",clear_split,"The 'Overview' section (paras 5-13) packs the article's genuine interpretive content — methodological debate over harmonizing techniques — into a tight run before the article settles into long, purely factual historical-chronicle sections that read as data despite occasional evaluative asides about which harmony was 'a turning point' or 'the standard.'"
Oral gospel traditions,https://en.wikipedia.org/wiki/Oral_gospel_traditions,250,"[{""para_num"": 1, ""label"": ""interpretation"", ""confidence"": 0.7}, {""para_num"": 2, ""label"": ""interpretation"", ""confidence"": 0.85}, {""para_num"": 3, ""label"": ""interpretation"", ""confidence"": 0.85}, {""para_num"": 4, ""label"": ""interpretation"", ""confidence"": 0.85}, {""para_num"": 5, ""label"": ""interpretation"", ""confidence"": 0.6}, {""para_num"": 6, ""label"": ""interpretation"", ""confidence"": 0.75}, {""para_num"": 7, ""label"": ""interpretation"", ""confidence"": 0.75}, {""para_num"": 8, ""label"": ""interpretation"", ""confidence"": 0.6}, {""para_num"": 9, ""label"": ""interpretation"", ""confidence"": 0.8}, {""para_num"": 10, ""label"": ""interpretation"", ""confidence"": 0.8}, {""para_num"": 11, ""label"": ""interpretation"", ""confidence"": 0.8}, {""para_num"": 12, ""label"": ""interpretation"", ""confidence"": 0.8}, {""para_num"": 13, ""label"": ""interpretation"", ""confidence"": 0.75}, {""para_num"": 14, ""label"": ""interpretation"", ""confidence"": 0.8}, {""para_num"": 15, ""label"": ""interpretation"", ""confidence"": 0.8}, {""para_num"": 16, ""label"": ""interpretation"", ""confidence"": 0.75}, {""para_num"": 17, ""label"": ""interpretation"", ""confidence"": 0.8}, {""para_num"": 18, ""label"": ""interpretation"", ""confidence"": 0.6}, {""para_num"": 19, ""label"": ""interpretation"", ""confidence"": 0.75}, {""para_num"": 20, ""label"": ""interpretation"", ""confidence"": 0.8}, {""para_num"": 21, ""label"": ""interpretation"", ""confidence"": 0.75}, {""para_num"": 22, ""label"": ""interpretation"", ""confidence"": 0.8}]",one_side_only,"Every heading is itself a historiographic/methodological topic, so the entire article is scholarly debate and named-scholar attribution with essentially zero narrative 'what happened' content; there are no data paragraphs at all."
Crucifixion darkness,https://en.wikipedia.org/wiki/Crucifixion_darkness,24,"[{""para_num"": 1, ""label"": ""interpretation"", ""confidence"": 0.55}, {""para_num"": 2, ""label"": ""data"", ""confidence"": 0.55}, {""para_num"": 3, ""label"": ""interpretation"", ""confidence"": 0.75}, {""para_num"": 4, ""label"": ""interpretation"", ""confidence"": 0.8}, {""para_num"": 5, ""label"": ""data"", ""confidence"": 0.8}, {""para_num"": 6, ""label"": ""data"", ""confidence"": 0.85}, {""para_num"": 7, ""label"": ""data"", ""confidence"": 0.8}, {""para_num"": 8, ""label"": ""interpretation"", ""confidence"": 0.75}, {""para_num"": 9, ""label"": ""data"", ""confidence"": 0.7}, {""para_num"": 10, ""label"": ""data"", ""confidence"": 0.8}, {""para_num"": 11, ""label"": ""data"", ""confidence"": 0.8}, {""para_num"": 12, ""label"": ""data"", ""confidence"": 0.75}, {""para_num"": 13, ""label"": ""data"", ""confidence"": 0.7}, {""para_num"": 14, ""label"": ""data"", ""confidence"": 0.75}, {""para_num"": 15, ""label"": ""interpretation"", ""confidence"": 0.7}, {""para_num"": 16, ""label"": ""data"", ""confidence"": 0.7}, {""para_num"": 17, ""label"": ""data"", ""confidence"": 0.85}, {""para_num"": 18, ""label"": ""interpretation"", ""confidence"": 0.8}, {""para_num"": 19, ""label"": ""interpretation"", ""confidence"": 0.8}, {""para_num"": 20, ""label"": ""interpretation"", ""confidence"": 0.75}, {""para_num"": 21, ""label"": ""interpretation"", ""confidence"": 0.8}, {""para_num"": 22, ""label"": ""interpretation"", ""confidence"": 0.85}, {""para_num"": 23, ""label"": ""interpretation"", ""confidence"": 0.85}, {""para_num"": 24, ""label"": ""interpretation"", ""confidence"": 0.9}, {""para_num"": 25, ""label"": ""interpretation"", ""confidence"": 0.85}, {""para_num"": 26, ""label"": ""interpretation"", ""confidence"": 0.85}, {""para_num"": 27, ""label"": ""interpretation"", ""confidence"": 0.85}, {""para_num"": 28, ""label"": ""interpretation"", ""confidence"": 0.85}, {""para_num"": 29, ""label"": ""interpretation"", ""confidence"": 0.85}, {""para_num"": 30, ""label"": ""interpretation"", ""confidence"": 0.8}]",clear_split,"Heading structure closely tracks content: 'Biblical accounts', 'Apocryphal writers', and 'Ancient historians' are largely narrative/quoted-text data, while 'Explanations' and 'Interpretations' near the end are cleanly interpretive scholarly debate; the split is not perfect but the two classes mostly cluster into contiguous runs matching the headings."
Crucifixion of Jesus,https://en.wikipedia.org/wiki/Crucifixion_of_Jesus,27,"[{""para_num"": 1, ""label"": ""data"", ""confidence"": 0.65}, {""para_num"": 2, ""label"": ""data"", ""confidence"": 0.85}, {""para_num"": 3, ""label"": ""interpretation"", ""confidence"": 0.7}, {""para_num"": 4, ""label"": ""interpretation"", ""confidence"": 0.6}, {""para_num"": 5, ""label"": ""data"", ""confidence"": 0.85}, {""para_num"": 6, ""label"": ""data"", ""confidence"": 0.85}, {""para_num"": 7, ""label"": ""data"", ""confidence"": 0.85}, {""para_num"": 8, ""label"": ""data"", ""confidence"": 0.75}, {""para_num"": 9, ""label"": ""data"", ""confidence"": 0.8}, {""para_num"": 10, ""label"": ""data"", ""confidence"": 0.8}, {""para_num"": 11, ""label"": ""data"", ""confidence"": 0.8}, {""para_num"": 12, ""label"": ""interpretation"", ""confidence"": 0.55}, {""para_num"": 13, ""label"": ""data"", ""confidence"": 0.8}, {""para_num"": 14, ""label"": ""interpretation"", ""confidence"": 0.85}, {""para_num"": 15, ""label"": ""data"", ""confidence"": 0.75}, {""para_num"": 16, ""label"": ""interpretation"", ""confidence"": 0.85}, {""para_num"": 17, ""label"": ""data"", ""confidence"": 0.75}, {""para_num"": 18, ""label"": ""interpretation"", ""confidence"": 0.8}, {""para_num"": 19, ""label"": ""data"", ""confidence"": 0.7}, {""para_num"": 20, ""label"": ""data"", ""confidence"": 0.75}, {""para_num"": 21, ""label"": ""interpretation"", ""confidence"": 0.85}, {""para_num"": 22, ""label"": ""data"", ""confidence"": 0.75}, {""para_num"": 23, ""label"": ""neither"", ""confidence"": 0.5}, {""para_num"": 24, ""label"": ""data"", ""confidence"": 0.7}, {""para_num"": 25, ""label"": ""data"", ""confidence"": 0.7}, {""para_num"": 26, ""label"": ""interpretation"", ""confidence"": 0.85}, {""para_num"": 27, ""label"": ""interpretation"", ""confidence"": 0.8}, {""para_num"": 28, ""label"": ""interpretation"", ""confidence"": 0.9}, {""para_num"": 29, ""label"": ""data"", ""confidence"": 0.85}, {""para_num"": 30, ""label"": ""interpretation"", ""confidence"": 0.65}, {""para_num"": 31, ""label"": ""interpretation"", ""confidence"": 0.75}, {""para_num"": 32, ""label"": ""interpretation"", ""confidence"": 0.75}, {""para_num"": 33, ""label"": ""data"", ""confidence"": 0.85}, {""para_num"": 34, ""label"": ""data"", ""confidence"": 0.8}, {""para_num"": 35, ""label"": ""data"", ""confidence"": 0.7}, {""para_num"": 36, ""label"": ""data"", ""confidence"": 0.55}, {""para_num"": 37, ""label"": ""data"", ""confidence"": 0.7}, {""para_num"": 38, ""label"": ""interpretation"", ""confidence"": 0.55}, {""para_num"": 39, ""label"": ""interpretation"", ""confidence"": 0.7}, {""para_num"": 40, ""label"": ""data"", ""confidence"": 0.75}, {""para_num"": 41, ""label"": ""data"", ""confidence"": 0.85}, {""para_num"": 42, ""label"": ""data"", ""confidence"": 0.85}, {""para_num"": 43, ""label"": ""data"", ""confidence"": 0.8}, {""para_num"": 44, ""label"": ""data"", ""confidence"": 0.8}, {""para_num"": 45, ""label"": ""interpretation"", ""confidence"": 0.7}, {""para_num"": 46, ""label"": ""data"", ""confidence"": 0.4}]",muddled,"Despite tidy-looking headings, the 'Other Accounts' subsections alternate almost paragraph-by-paragraph between quoting a non-Christian source (data) and scholars debating its authenticity (interpretation), and 'Historicity'/'Details' mix methodology discussion with archaeological/chronological data, producing heavy interleaving rather than a clean split."
Resurrection of Jesus,https://en.wikipedia.org/wiki/Resurrection_of_Jesus,29,"[{""para_num"": 1, ""label"": ""interpretation"", ""confidence"": 0.6}, {""para_num"": 2, ""label"": ""data"", ""confidence"": 0.6}, {""para_num"": 3, ""label"": ""interpretation"", ""confidence"": 0.7}, {""para_num"": 4, ""label"": ""interpretation"", ""confidence"": 0.85}, {""para_num"": 5, ""label"": ""interpretation"", ""confidence"": 0.75}, {""para_num"": 6, ""label"": ""interpretation"", ""confidence"": 0.65}, {""para_num"": 7, ""label"": ""neither"", ""confidence"": 0.5}, {""para_num"": 8, ""label"": ""interpretation"", ""confidence"": 0.7}, {""para_num"": 9, ""label"": ""data"", ""confidence"": 0.8}, {""para_num"": 10, ""label"": ""data"", ""confidence"": 0.85}, {""para_num"": 11, ""label"": ""data"", ""confidence"": 0.85}, {""para_num"": 12, ""label"": ""data"", ""confidence"": 0.85}, {""para_num"": 13, ""label"": ""data"", ""confidence"": 0.85}, {""para_num"": 14, ""label"": ""interpretation"", ""confidence"": 0.75}, {""para_num"": 15, ""label"": ""interpretation"", ""confidence"": 0.85}, {""para_num"": 16, ""label"": ""interpretation"", ""confidence"": 0.75}, {""para_num"": 17, ""label"": ""interpretation"", ""confidence"": 0.85}, {""para_num"": 18, ""label"": ""interpretation"", ""confidence"": 0.85}, {""para_num"": 19, ""label"": ""data"", ""confidence"": 0.6}, {""para_num"": 20, ""label"": ""data"", ""confidence"": 0.65}, {""para_num"": 21, ""label"": ""interpretation"", ""confidence"": 0.8}, {""para_num"": 22, ""label"": ""interpretation"", ""confidence"": 0.85}, {""para_num"": 23, ""label"": ""interpretation"", ""confidence"": 0.85}, {""para_num"": 24, ""label"": ""interpretation"", ""confidence"": 0.85}, {""para_num"": 25, ""label"": ""interpretation"", ""confidence"": 0.65}, {""para_num"": 26, ""label"": ""interpretation"", ""confidence"": 0.85}, {""para_num"": 27, ""label"": ""interpretation"", ""confidence"": 0.85}, {""para_num"": 28, ""label"": ""interpretation"", ""confidence"": 0.85}, {""para_num"": 29, ""label"": ""interpretation"", ""confidence"": 0.85}, {""para_num"": 30, ""label"": ""interpretation"", ""confidence"": 0.85}, {""para_num"": 31, ""label"": ""interpretation"", ""confidence"": 0.8}, {""para_num"": 32, ""label"": ""interpretation"", ""confidence"": 0.6}, {""para_num"": 33, ""label"": ""interpretation"", ""confidence"": 0.75}, {""para_num"": 34, ""label"": ""interpretation"", ""confidence"": 0.85}, {""para_num"": 35, ""label"": ""interpretation"", ""confidence"": 0.9}, {""para_num"": 36, ""label"": ""interpretation"", ""confidence"": 0.85}, {""para_num"": 37, ""label"": ""interpretation"", ""confidence"": 0.9}, {""para_num"": 38, ""label"": ""interpretation"", ""confidence"": 0.8}, {""para_num"": 39, ""label"": ""interpretation"", ""confidence"": 0.8}, {""para_num"": 40, ""label"": ""interpretation"", ""confidence"": 0.65}, {""para_num"": 41, ""label"": ""interpretation"", ""confidence"": 0.75}, {""para_num"": 42, ""label"": ""interpretation"", ""confidence"": 0.85}, {""para_num"": 43, ""label"": ""interpretation"", ""confidence"": 0.75}, {""para_num"": 44, ""label"": ""interpretation"", ""confidence"": 0.8}, {""para_num"": 45, ""label"": ""interpretation"", ""confidence"": 0.85}]",clear_split,"The heading 'Biblical Accounts' is misleading: even its opening subsection is source-critical interpretation, not narrative; the only substantial data cluster is the 'Gospels and Acts' subsection plus a small apotheosis-background aside. Everything else is dense named-scholar argumentation, but the small data clusters still sit as clean contiguous blocks rather than interleaving."
Calvary,https://en.wikipedia.org/wiki/Calvary,31,"[{""para_num"": 1, ""label"": ""data"", ""confidence"": 0.7}, {""para_num"": 2, ""label"": ""data"", ""confidence"": 0.75}, {""para_num"": 3, ""label"": ""data"", ""confidence"": 0.7}, {""para_num"": 4, ""label"": ""data"", ""confidence"": 0.7}, {""para_num"": 5, ""label"": ""data"", ""confidence"": 0.7}, {""para_num"": 6, ""label"": ""data"", ""confidence"": 0.75}, {""para_num"": 7, ""label"": ""data"", ""confidence"": 0.75}, {""para_num"": 8, ""label"": ""data"", ""confidence"": 0.7}, {""para_num"": 9, ""label"": ""data"", ""confidence"": 0.6}, {""para_num"": 10, ""label"": ""interpretation"", ""confidence"": 0.75}, {""para_num"": 11, ""label"": ""data"", ""confidence"": 0.7}, {""para_num"": 12, ""label"": ""data"", ""confidence"": 0.75}, {""para_num"": 13, ""label"": ""interpretation"", ""confidence"": 0.8}, {""para_num"": 14, ""label"": ""interpretation"", ""confidence"": 0.75}, {""para_num"": 15, ""label"": ""interpretation"", ""confidence"": 0.55}, {""para_num"": 16, ""label"": ""data"", ""confidence"": 0.6}, {""para_num"": 17, ""label"": ""data"", ""confidence"": 0.6}, {""para_num"": 18, ""label"": ""interpretation"", ""confidence"": 0.65}, {""para_num"": 19, ""label"": ""data"", ""confidence"": 0.6}, {""para_num"": 20, ""label"": ""data"", ""confidence"": 0.65}, {""para_num"": 21, ""label"": ""interpretation"", ""confidence"": 0.75}, {""para_num"": 22, ""label"": ""interpretation"", ""confidence"": 0.75}, {""para_num"": 23, ""label"": ""interpretation"", ""confidence"": 0.75}, {""para_num"": 24, ""label"": ""data"", ""confidence"": 0.65}, {""para_num"": 25, ""label"": ""data"", ""confidence"": 0.75}, {""para_num"": 26, ""label"": ""data"", ""confidence"": 0.8}, {""para_num"": 27, ""label"": ""data"", ""confidence"": 0.75}, {""para_num"": 28, ""label"": ""interpretation"", ""confidence"": 0.7}, {""para_num"": 29, ""label"": ""data"", ""confidence"": 0.75}, {""para_num"": 30, ""label"": ""data"", ""confidence"": 0.7}, {""para_num"": 31, ""label"": ""interpretation"", ""confidence"": 0.65}, {""para_num"": 32, ""label"": ""data"", ""confidence"": 0.65}, {""para_num"": 33, ""label"": ""data"", ""confidence"": 0.7}, {""para_num"": 34, ""label"": ""data"", ""confidence"": 0.7}, {""para_num"": 35, ""label"": ""data"", ""confidence"": 0.7}, {""para_num"": 36, ""label"": ""data"", ""confidence"": 0.75}, {""para_num"": 37, ""label"": ""data"", ""confidence"": 0.75}, {""para_num"": 38, ""label"": ""data"", ""confidence"": 0.7}, {""para_num"": 39, ""label"": ""interpretation"", ""confidence"": 0.6}, {""para_num"": 40, ""label"": ""interpretation"", ""confidence"": 0.6}, {""para_num"": 41, ""label"": ""data"", ""confidence"": 0.8}, {""para_num"": 42, ""label"": ""data"", ""confidence"": 0.8}, {""para_num"": 43, ""label"": ""interpretation"", ""confidence"": 0.65}, {""para_num"": 44, ""label"": ""interpretation"", ""confidence"": 0.6}, {""para_num"": 45, ""label"": ""interpretation"", ""confidence"": 0.6}, {""para_num"": 46, ""label"": ""interpretation"", ""confidence"": 0.65}, {""para_num"": 47, ""label"": ""interpretation"", ""confidence"": 0.6}, {""para_num"": 48, ""label"": ""data"", ""confidence"": 0.65}, {""para_num"": 49, ""label"": ""interpretation"", ""confidence"": 0.65}, {""para_num"": 50, ""label"": ""interpretation"", ""confidence"": 0.65}, {""para_num"": 51, ""label"": ""data"", ""confidence"": 0.75}, {""para_num"": 52, ""label"": ""data"", ""confidence"": 0.75}, {""para_num"": 53, ""label"": ""data"", ""confidence"": 0.75}, {""para_num"": 54, ""label"": ""data"", ""confidence"": 0.75}, {""para_num"": 55, ""label"": ""data"", ""confidence"": 0.75}, {""para_num"": 56, ""label"": ""data"", ""confidence"": 0.7}, {""para_num"": 57, ""label"": ""data"", ""confidence"": 0.65}, {""para_num"": 58, ""label"": ""data"", ""confidence"": 0.7}, {""para_num"": 59, ""label"": ""data"", ""confidence"": 0.75}, {""para_num"": 60, ""label"": ""data"", ""confidence"": 0.7}, {""para_num"": 61, ""label"": ""data"", ""confidence"": 0.75}, {""para_num"": 62, ""label"": ""interpretation"", ""confidence"": 0.65}, {""para_num"": 63, ""label"": ""data"", ""confidence"": 0.7}, {""para_num"": 64, ""label"": ""interpretation"", ""confidence"": 0.6}, {""para_num"": 65, ""label"": ""interpretation"", ""confidence"": 0.65}]",muddled,"The article reads as mostly straightforward geography/etymology/archaeology (data), but nearly every subsection repeatedly alternates between reporting an excavation finding or textual fact and a named scholar's competing theory about what it means, so despite a data-majority the interpretation paragraphs are scattered rather than clustered, keeping separation just under the clear-split threshold."
Thirty pieces of silver,https://en.wikipedia.org/wiki/Thirty_pieces_of_silver,47,"[{""para_num"": 1, ""label"": ""data"", ""confidence"": 0.85}, {""para_num"": 2, ""label"": ""data"", ""confidence"": 0.85}, {""para_num"": 3, ""label"": ""data"", ""confidence"": 0.75}, {""para_num"": 4, ""label"": ""interpretation"", ""confidence"": 0.65}, {""para_num"": 5, ""label"": ""data"", ""confidence"": 0.75}, {""para_num"": 6, ""label"": ""data"", ""confidence"": 0.8}, {""para_num"": 7, ""label"": ""data"", ""confidence"": 0.7}, {""para_num"": 8, ""label"": ""interpretation"", ""confidence"": 0.8}, {""para_num"": 9, ""label"": ""interpretation"", ""confidence"": 0.85}, {""para_num"": 10, ""label"": ""interpretation"", ""confidence"": 0.8}, {""para_num"": 11, ""label"": ""data"", ""confidence"": 0.55}, {""para_num"": 12, ""label"": ""data"", ""confidence"": 0.65}, {""para_num"": 13, ""label"": ""data"", ""confidence"": 0.75}, {""para_num"": 14, ""label"": ""data"", ""confidence"": 0.8}, {""para_num"": 15, ""label"": ""data"", ""confidence"": 0.75}, {""para_num"": 16, ""label"": ""data"", ""confidence"": 0.7}, {""para_num"": 17, ""label"": ""data"", ""confidence"": 0.7}, {""para_num"": 18, ""label"": ""data"", ""confidence"": 0.7}, {""para_num"": 19, ""label"": ""data"", ""confidence"": 0.7}, {""para_num"": 20, ""label"": ""data"", ""confidence"": 0.75}]",clear_split,"Headings map cleanly onto content: the 'Theological interpretation' section is the sole cluster of interpretive/scholarly-argument material, tightly bounded by data-heavy biblical-narrative, numismatic, relic, and reception-history sections on either side."
Pilate's court,https://en.wikipedia.org/wiki/Pilate%27s_court,58,"[{""para_num"": 1, ""label"": ""data"", ""confidence"": 0.8}, {""para_num"": 2, ""label"": ""interpretation"", ""confidence"": 0.65}, {""para_num"": 3, ""label"": ""data"", ""confidence"": 0.75}, {""para_num"": 4, ""label"": ""data"", ""confidence"": 0.85}, {""para_num"": 5, ""label"": ""data"", ""confidence"": 0.85}, {""para_num"": 6, ""label"": ""data"", ""confidence"": 0.65}, {""para_num"": 7, ""label"": ""data"", ""confidence"": 0.65}, {""para_num"": 8, ""label"": ""data"", ""confidence"": 0.65}, {""para_num"": 9, ""label"": ""interpretation"", ""confidence"": 0.8}, {""para_num"": 10, ""label"": ""interpretation"", ""confidence"": 0.75}]",muddled,"Short article where the 'Commentary' heading suggests analysis but its first paragraph is basically a data statement, while the 'Background' section already embeds an archaeological identification debate — so the heading boundaries don't track the data/interpretation split, and with only 10 paragraphs a single misplaced paragraph is enough to tip it into 'muddled'."
Cleansing of the Temple,https://en.wikipedia.org/wiki/Cleansing_of_the_Temple,69,"[{""para_num"": 1, ""label"": ""data"", ""confidence"": 0.8}, {""para_num"": 2, ""label"": ""data"", ""confidence"": 0.8}, {""para_num"": 3, ""label"": ""data"", ""confidence"": 0.8}, {""para_num"": 4, ""label"": ""data"", ""confidence"": 0.75}, {""para_num"": 5, ""label"": ""data"", ""confidence"": 0.65}, {""para_num"": 6, ""label"": ""interpretation"", ""confidence"": 0.75}, {""para_num"": 7, ""label"": ""interpretation"", ""confidence"": 0.8}, {""para_num"": 8, ""label"": ""interpretation"", ""confidence"": 0.7}, {""para_num"": 9, ""label"": ""interpretation"", ""confidence"": 0.6}, {""para_num"": 10, ""label"": ""interpretation"", ""confidence"": 0.8}, {""para_num"": 11, ""label"": ""interpretation"", ""confidence"": 0.6}, {""para_num"": 12, ""label"": ""data"", ""confidence"": 0.75}, {""para_num"": 13, ""label"": ""interpretation"", ""confidence"": 0.6}, {""para_num"": 14, ""label"": ""interpretation"", ""confidence"": 0.8}, {""para_num"": 15, ""label"": ""interpretation"", ""confidence"": 0.8}, {""para_num"": 16, ""label"": ""interpretation"", ""confidence"": 0.8}, {""para_num"": 17, ""label"": ""interpretation"", ""confidence"": 0.85}, {""para_num"": 18, ""label"": ""interpretation"", ""confidence"": 0.8}, {""para_num"": 19, ""label"": ""interpretation"", ""confidence"": 0.8}, {""para_num"": 20, ""label"": ""data"", ""confidence"": 0.7}, {""para_num"": 21, ""label"": ""interpretation"", ""confidence"": 0.85}, {""para_num"": 22, ""label"": ""interpretation"", ""confidence"": 0.8}, {""para_num"": 23, ""label"": ""interpretation"", ""confidence"": 0.85}, {""para_num"": 24, ""label"": ""interpretation"", ""confidence"": 0.7}, {""para_num"": 25, ""label"": ""interpretation"", ""confidence"": 0.8}, {""para_num"": 26, ""label"": ""interpretation"", ""confidence"": 0.8}, {""para_num"": 27, ""label"": ""interpretation"", ""confidence"": 0.8}, {""para_num"": 28, ""label"": ""interpretation"", ""confidence"": 0.75}, {""para_num"": 29, ""label"": ""interpretation"", ""confidence"": 0.75}, {""para_num"": 30, ""label"": ""interpretation"", ""confidence"": 0.75}, {""para_num"": 31, ""label"": ""interpretation"", ""confidence"": 0.75}, {""para_num"": 32, ""label"": ""data"", ""confidence"": 0.7}, {""para_num"": 33, ""label"": ""data"", ""confidence"": 0.75}, {""para_num"": 34, ""label"": ""neither"", ""confidence"": 0.5}, {""para_num"": 35, ""label"": ""neither"", ""confidence"": 0.5}]",clear_split,"Headings are informative: 'Description' (data narrative + bible quotes) and 'According to later sources' (legendary-narrative data) bookend a long, correctly interpretation-heavy middle spanning 'Old Testament background' through 'Interpretation of John 2:15'; the 'Chronology' heading is somewhat misleading since most of its content is actually interpretive dating argumentation rather than settled fact."
Anointing of Jesus,https://en.wikipedia.org/wiki/Anointing_of_Jesus,78,"[{""para_num"": 1, ""label"": ""data"", ""confidence"": 0.7}, {""para_num"": 2, ""label"": ""data"", ""confidence"": 0.5}, {""para_num"": 3, ""label"": ""data"", ""confidence"": 0.5}, {""para_num"": 4, ""label"": ""data"", ""confidence"": 0.5}, {""para_num"": 5, ""label"": ""data"", ""confidence"": 0.5}, {""para_num"": 6, ""label"": ""data"", ""confidence"": 0.8}, {""para_num"": 7, ""label"": ""interpretation"", ""confidence"": 0.65}, {""para_num"": 8, ""label"": ""interpretation"", ""confidence"": 0.65}, {""para_num"": 9, ""label"": ""interpretation"", ""confidence"": 0.75}, {""para_num"": 10, ""label"": ""data"", ""confidence"": 0.6}, {""para_num"": 11, ""label"": ""data"", ""confidence"": 0.55}, {""para_num"": 12, ""label"": ""data"", ""confidence"": 0.7}, {""para_num"": 13, ""label"": ""data"", ""confidence"": 0.75}, {""para_num"": 14, ""label"": ""interpretation"", ""confidence"": 0.75}, {""para_num"": 15, ""label"": ""interpretation"", ""confidence"": 0.7}, {""para_num"": 16, ""label"": ""interpretation"", ""confidence"": 0.65}, {""para_num"": 17, ""label"": ""interpretation"", ""confidence"": 0.85}, {""para_num"": 18, ""label"": ""interpretation"", ""confidence"": 0.55}, {""para_num"": 19, ""label"": ""interpretation"", ""confidence"": 0.75}, {""para_num"": 20, ""label"": ""interpretation"", ""confidence"": 0.75}]",clear_split,"Heading names actually match content well: 'Description' subsections are largely data, and the 'Debate' section cleanly clusters as interpretation; the one surprise is that 'Location' unexpectedly contains embedded Greek-word linguistic argumentation about whether the town was Nain, rather than pure geography."
Jesus predicts his death,https://en.wikipedia.org/wiki/Jesus_predicts_his_death,88,"[{""para_num"": 1, ""label"": ""data"", ""confidence"": 0.65}, {""para_num"": 2, ""label"": ""interpretation"", ""confidence"": 0.7}, {""para_num"": 3, ""label"": ""interpretation"", ""confidence"": 0.85}, {""para_num"": 4, ""label"": ""data"", ""confidence"": 0.85}, {""para_num"": 5, ""label"": ""data"", ""confidence"": 0.8}, {""para_num"": 6, ""label"": ""data"", ""confidence"": 0.75}, {""para_num"": 7, ""label"": ""data"", ""confidence"": 0.75}, {""para_num"": 8, ""label"": ""data"", ""confidence"": 0.8}, {""para_num"": 9, ""label"": ""data"", ""confidence"": 0.8}, {""para_num"": 10, ""label"": ""interpretation"", ""confidence"": 0.7}, {""para_num"": 11, ""label"": ""data"", ""confidence"": 0.55}, {""para_num"": 12, ""label"": ""data"", ""confidence"": 0.8}, {""para_num"": 13, ""label"": ""data"", ""confidence"": 0.8}, {""para_num"": 14, ""label"": ""data"", ""confidence"": 0.8}, {""para_num"": 15, ""label"": ""data"", ""confidence"": 0.75}, {""para_num"": 16, ""label"": ""interpretation"", ""confidence"": 0.75}, {""para_num"": 17, ""label"": ""data"", ""confidence"": 0.8}, {""para_num"": 18, ""label"": ""interpretation"", ""confidence"": 0.65}, {""para_num"": 19, ""label"": ""data"", ""confidence"": 0.7}, {""para_num"": 20, ""label"": ""neither"", ""confidence"": 0.5}, {""para_num"": 21, ""label"": ""interpretation"", ""confidence"": 0.6}, {""para_num"": 22, ""label"": ""interpretation"", ""confidence"": 0.7}, {""para_num"": 23, ""label"": ""data"", ""confidence"": 0.7}, {""para_num"": 24, ""label"": ""data"", ""confidence"": 0.75}]",muddled,"Despite clean per-gospel headings (Mark/Matthew/Luke/John), each subsection interleaves verbatim prediction quotes (data) with scholarly framing about dating, redaction, and source dependence (interpretation) almost every other paragraph, so the tidy heading structure does not correspond to a clean data/interpretation split."
Women at the crucifixion,https://en.wikipedia.org/wiki/Women_at_the_crucifixion,112,"[{""para_num"": 1, ""label"": ""data"", ""confidence"": 0.55}, {""para_num"": 2, ""label"": ""data"", ""confidence"": 0.75}, {""para_num"": 3, ""label"": ""interpretation"", ""confidence"": 0.85}, {""para_num"": 4, ""label"": ""data"", ""confidence"": 0.8}, {""para_num"": 5, ""label"": ""interpretation"", ""confidence"": 0.75}]",muddled,"Very short article; the 'Interpretations' heading is misleading since most of what's under it (PARA 2, 4) is actually plain data-style comparison of what each gospel says, while genuine interpretive claims about ambiguity (PARA 3, 5) are interspersed rather than clustered."
Naked fugitive,https://en.wikipedia.org/wiki/Naked_fugitive,121,"[{""para_num"": 1, ""label"": ""data"", ""confidence"": 0.85}, {""para_num"": 2, ""label"": ""data"", ""confidence"": 0.6}, {""para_num"": 3, ""label"": ""data"", ""confidence"": 0.85}, {""para_num"": 4, ""label"": ""interpretation"", ""confidence"": 0.7}, {""para_num"": 5, ""label"": ""interpretation"", ""confidence"": 0.85}, {""para_num"": 6, ""label"": ""interpretation"", ""confidence"": 0.75}, {""para_num"": 7, ""label"": ""interpretation"", ""confidence"": 0.8}, {""para_num"": 8, ""label"": ""data"", ""confidence"": 0.7}]",clear_split,"Headings track content well here: the unheaded lead is narrative data, and the 'Identity' section is a clean block of scholarly speculation/interpretation; only the closing 'In Literature' paragraph breaks back to data."
Triumphal entry into Jerusalem,https://en.wikipedia.org/wiki/Triumphal_entry_into_Jerusalem,122,"[{""para_num"": 1, ""label"": ""data"", ""confidence"": 0.85}, {""para_num"": 2, ""label"": ""data"", ""confidence"": 0.85}, {""para_num"": 3, ""label"": ""data"", ""confidence"": 0.6}, {""para_num"": 4, ""label"": ""data"", ""confidence"": 0.8}, {""para_num"": 5, ""label"": ""data"", ""confidence"": 0.75}, {""para_num"": 6, ""label"": ""interpretation"", ""confidence"": 0.85}, {""para_num"": 7, ""label"": ""interpretation"", ""confidence"": 0.85}, {""para_num"": 8, ""label"": ""data"", ""confidence"": 0.85}, {""para_num"": 9, ""label"": ""interpretation"", ""confidence"": 0.6}, {""para_num"": 10, ""label"": ""data"", ""confidence"": 0.85}, {""para_num"": 11, ""label"": ""data"", ""confidence"": 0.8}, {""para_num"": 12, ""label"": ""data"", ""confidence"": 0.75}, {""para_num"": 13, ""label"": ""interpretation"", ""confidence"": 0.9}, {""para_num"": 14, ""label"": ""interpretation"", ""confidence"": 0.85}, {""para_num"": 15, ""label"": ""data"", ""confidence"": 0.85}, {""para_num"": 16, ""label"": ""interpretation"", ""confidence"": 0.8}, {""para_num"": 17, ""label"": ""interpretation"", ""confidence"": 0.85}, {""para_num"": 18, ""label"": ""data"", ""confidence"": 0.55}, {""para_num"": 19, ""label"": ""interpretation"", ""confidence"": 0.8}, {""para_num"": 20, ""label"": ""interpretation"", ""confidence"": 0.85}, {""para_num"": 21, ""label"": ""interpretation"", ""confidence"": 0.85}, {""para_num"": 22, ""label"": ""interpretation"", ""confidence"": 0.85}, {""para_num"": 23, ""label"": ""interpretation"", ""confidence"": 0.85}, {""para_num"": 24, ""label"": ""interpretation"", ""confidence"": 0.85}, {""para_num"": 25, ""label"": ""interpretation"", ""confidence"": 0.85}, {""para_num"": 26, ""label"": ""data"", ""confidence"": 0.6}, {""para_num"": 27, ""label"": ""data"", ""confidence"": 0.6}, {""para_num"": 28, ""label"": ""data"", ""confidence"": 0.65}, {""para_num"": 29, ""label"": ""interpretation"", ""confidence"": 0.6}, {""para_num"": 30, ""label"": ""interpretation"", ""confidence"": 0.6}, {""para_num"": 31, ""label"": ""data"", ""confidence"": 0.8}, {""para_num"": 32, ""label"": ""data"", ""confidence"": 0.85}, {""para_num"": 33, ""label"": ""data"", ""confidence"": 0.85}, {""para_num"": 34, ""label"": ""interpretation"", ""confidence"": 0.9}, {""para_num"": 35, ""label"": ""interpretation"", ""confidence"": 0.9}, {""para_num"": 36, ""label"": ""interpretation"", ""confidence"": 0.85}, {""para_num"": 37, ""label"": ""interpretation"", ""confidence"": 0.85}, {""para_num"": 38, ""label"": ""interpretation"", ""confidence"": 0.8}, {""para_num"": 39, ""label"": ""interpretation"", ""confidence"": 0.75}, {""para_num"": 40, ""label"": ""interpretation"", ""confidence"": 0.85}, {""para_num"": 41, ""label"": ""interpretation"", ""confidence"": 0.85}, {""para_num"": 42, ""label"": ""data"", ""confidence"": 0.6}, {""para_num"": 43, ""label"": ""interpretation"", ""confidence"": 0.8}, {""para_num"": 44, ""label"": ""data"", ""confidence"": 0.7}, {""para_num"": 45, ""label"": ""data"", ""confidence"": 0.65}, {""para_num"": 46, ""label"": ""interpretation"", ""confidence"": 0.55}, {""para_num"": 47, ""label"": ""interpretation"", ""confidence"": 0.75}, {""para_num"": 48, ""label"": ""interpretation"", ""confidence"": 0.85}, {""para_num"": 49, ""label"": ""interpretation"", ""confidence"": 0.85}, {""para_num"": 50, ""label"": ""data"", ""confidence"": 0.6}, {""para_num"": 51, ""label"": ""interpretation"", ""confidence"": 0.65}, {""para_num"": 52, ""label"": ""data"", ""confidence"": 0.7}, {""para_num"": 53, ""label"": ""interpretation"", ""confidence"": 0.6}, {""para_num"": 54, ""label"": ""data"", ""confidence"": 0.6}, {""para_num"": 55, ""label"": ""data"", ""confidence"": 0.65}, {""para_num"": 56, ""label"": ""data"", ""confidence"": 0.5}, {""para_num"": 57, ""label"": ""data"", ""confidence"": 0.5}]",muddled,"Very long article whose subsection headings each mix narrative paragraphs with named-scholar debate paragraphs almost sentence-by-sentence, so despite an overall 'Scholarly Interpretation' vs 'Gospel Accounts' framing at the top level, the fine-grained paragraph sequence alternates heavily rather than clustering."
Sanhedrin trial of Jesus,https://en.wikipedia.org/wiki/Sanhedrin_trial_of_Jesus,123,"[{""para_num"": 1, ""label"": ""data"", ""confidence"": 0.85}, {""para_num"": 2, ""label"": ""data"", ""confidence"": 0.8}, {""para_num"": 3, ""label"": ""data"", ""confidence"": 0.85}, {""para_num"": 4, ""label"": ""data"", ""confidence"": 0.6}, {""para_num"": 5, ""label"": ""interpretation"", ""confidence"": 0.6}, {""para_num"": 6, ""label"": ""data"", ""confidence"": 0.85}, {""para_num"": 7, ""label"": ""data"", ""confidence"": 0.75}, {""para_num"": 8, ""label"": ""data"", ""confidence"": 0.75}, {""para_num"": 9, ""label"": ""interpretation"", ""confidence"": 0.6}, {""para_num"": 10, ""label"": ""data"", ""confidence"": 0.8}, {""para_num"": 11, ""label"": ""data"", ""confidence"": 0.8}, {""para_num"": 12, ""label"": ""data"", ""confidence"": 0.75}, {""para_num"": 13, ""label"": ""data"", ""confidence"": 0.85}, {""para_num"": 14, ""label"": ""data"", ""confidence"": 0.8}, {""para_num"": 15, ""label"": ""data"", ""confidence"": 0.8}, {""para_num"": 16, ""label"": ""interpretation"", ""confidence"": 0.9}]",muddled,"The dedicated 'Commentary' heading correctly holds pure interpretation, but the preceding narrative section ('Evening Inquest') has brief scholarly asides breaking up the narrative just enough to push separation slightly below the clear-split threshold."
Kiss of Judas,https://en.wikipedia.org/wiki/Kiss_of_Judas,136,"[{""para_num"": 1, ""label"": ""data"", ""confidence"": 0.85}, {""para_num"": 2, ""label"": ""data"", ""confidence"": 0.55}, {""para_num"": 3, ""label"": ""neither"", ""confidence"": 0.6}, {""para_num"": 4, ""label"": ""data"", ""confidence"": 0.7}, {""para_num"": 5, ""label"": ""interpretation"", ""confidence"": 0.8}, {""para_num"": 6, ""label"": ""data"", ""confidence"": 0.85}, {""para_num"": 7, ""label"": ""data"", ""confidence"": 0.5}, {""para_num"": 8, ""label"": ""data"", ""confidence"": 0.6}, {""para_num"": 9, ""label"": ""interpretation"", ""confidence"": 0.85}, {""para_num"": 10, ""label"": ""interpretation"", ""confidence"": 0.85}, {""para_num"": 11, ""label"": ""neither"", ""confidence"": 0.55}]",muddled,"The 'Commentary' heading is accurately interpretive, but the linguistic/etymological analysis of the Greek verb (PARA 5) sits inside the 'In the New Testament' narrative section and reads as interpretation, interrupting an otherwise data-heavy narrative and lowering separation below threshold; final 'In art' paragraph is a bare list, coded neither."
Last Supper,https://en.wikipedia.org/wiki/Last_Supper,145,"[{""para_num"": 1, ""label"": ""data"", ""confidence"": 0.55}, {""para_num"": 2, ""label"": ""data"", ""confidence"": 0.85}, {""para_num"": 3, ""label"": ""data"", ""confidence"": 0.85}, {""para_num"": 4, ""label"": ""interpretation"", ""confidence"": 0.85}, {""para_num"": 5, ""label"": ""data"", ""confidence"": 0.6}, {""para_num"": 6, ""label"": ""data"", ""confidence"": 0.6}, {""para_num"": 7, ""label"": ""data"", ""confidence"": 0.55}, {""para_num"": 8, ""label"": ""interpretation"", ""confidence"": 0.6}, {""para_num"": 9, ""label"": ""data"", ""confidence"": 0.85}, {""para_num"": 10, ""label"": ""data"", ""confidence"": 0.8}, {""para_num"": 11, ""label"": ""data"", ""confidence"": 0.85}, {""para_num"": 12, ""label"": ""data"", ""confidence"": 0.85}, {""para_num"": 13, ""label"": ""interpretation"", ""confidence"": 0.55}, {""para_num"": 14, ""label"": ""data"", ""confidence"": 0.6}, {""para_num"": 15, ""label"": ""interpretation"", ""confidence"": 0.85}, {""para_num"": 16, ""label"": ""neither"", ""confidence"": 0.5}, {""para_num"": 17, ""label"": ""interpretation"", ""confidence"": 0.85}, {""para_num"": 18, ""label"": ""interpretation"", ""confidence"": 0.85}, {""para_num"": 19, ""label"": ""data"", ""confidence"": 0.85}, {""para_num"": 20, ""label"": ""data"", ""confidence"": 0.85}, {""para_num"": 21, ""label"": ""data"", ""confidence"": 0.8}, {""para_num"": 22, ""label"": ""interpretation"", ""confidence"": 0.65}, {""para_num"": 23, ""label"": ""interpretation"", ""confidence"": 0.75}, {""para_num"": 24, ""label"": ""data"", ""confidence"": 0.75}, {""para_num"": 25, ""label"": ""data"", ""confidence"": 0.6}, {""para_num"": 26, ""label"": ""interpretation"", ""confidence"": 0.85}, {""para_num"": 27, ""label"": ""interpretation"", ""confidence"": 0.9}, {""para_num"": 28, ""label"": ""data"", ""confidence"": 0.75}, {""para_num"": 29, ""label"": ""data"", ""confidence"": 0.7}, {""para_num"": 30, ""label"": ""interpretation"", ""confidence"": 0.55}, {""para_num"": 31, ""label"": ""data"", ""confidence"": 0.7}, {""para_num"": 32, ""label"": ""interpretation"", ""confidence"": 0.55}, {""para_num"": 33, ""label"": ""interpretation"", ""confidence"": 0.85}, {""para_num"": 34, ""label"": ""interpretation"", ""confidence"": 0.85}, {""para_num"": 35, ""label"": ""interpretation"", ""confidence"": 0.8}, {""para_num"": 36, ""label"": ""data"", ""confidence"": 0.6}, {""para_num"": 37, ""label"": ""data"", ""confidence"": 0.6}, {""para_num"": 38, ""label"": ""data"", ""confidence"": 0.6}, {""para_num"": 39, ""label"": ""data"", ""confidence"": 0.7}, {""para_num"": 40, ""label"": ""interpretation"", ""confidence"": 0.7}, {""para_num"": 41, ""label"": ""data"", ""confidence"": 0.55}, {""para_num"": 42, ""label"": ""interpretation"", ""confidence"": 0.85}, {""para_num"": 43, ""label"": ""interpretation"", ""confidence"": 0.85}, {""para_num"": 44, ""label"": ""interpretation"", ""confidence"": 0.85}, {""para_num"": 45, ""label"": ""interpretation"", ""confidence"": 0.85}, {""para_num"": 46, ""label"": ""data"", ""confidence"": 0.7}, {""para_num"": 47, ""label"": ""data"", ""confidence"": 0.65}, {""para_num"": 48, ""label"": ""data"", ""confidence"": 0.7}, {""para_num"": 49, ""label"": ""data"", ""confidence"": 0.65}]",muddled,"Long, deeply cross-referenced article where nearly every narrative paragraph ends with an embedded scholarly claim or debate, so data and interpretation alternate constantly at paragraph level despite a superficially clean heading structure ('Historicity' is the only cleanly pure-interpretation block)."
Passion of Jesus,https://en.wikipedia.org/wiki/Passion_of_Jesus,146,"[{""para_num"": 1, ""label"": ""data"", ""confidence"": 0.8}, {""para_num"": 2, ""label"": ""data"", ""confidence"": 0.75}, {""para_num"": 3, ""label"": ""neither"", ""confidence"": 0.6}, {""para_num"": 4, ""label"": ""data"", ""confidence"": 0.8}, {""para_num"": 5, ""label"": ""interpretation"", ""confidence"": 0.85}, {""para_num"": 6, ""label"": ""data"", ""confidence"": 0.85}, {""para_num"": 7, ""label"": ""data"", ""confidence"": 0.85}, {""para_num"": 8, ""label"": ""data"", ""confidence"": 0.85}, {""para_num"": 9, ""label"": ""data"", ""confidence"": 0.85}, {""para_num"": 10, ""label"": ""data"", ""confidence"": 0.85}, {""para_num"": 11, ""label"": ""interpretation"", ""confidence"": 0.75}, {""para_num"": 12, ""label"": ""data"", ""confidence"": 0.85}, {""para_num"": 13, ""label"": ""data"", ""confidence"": 0.85}, {""para_num"": 14, ""label"": ""data"", ""confidence"": 0.85}, {""para_num"": 15, ""label"": ""data"", ""confidence"": 0.85}, {""para_num"": 16, ""label"": ""data"", ""confidence"": 0.85}, {""para_num"": 17, ""label"": ""data"", ""confidence"": 0.85}, {""para_num"": 18, ""label"": ""data"", ""confidence"": 0.85}, {""para_num"": 19, ""label"": ""data"", ""confidence"": 0.85}, {""para_num"": 20, ""label"": ""data"", ""confidence"": 0.85}, {""para_num"": 21, ""label"": ""data"", ""confidence"": 0.8}, {""para_num"": 22, ""label"": ""data"", ""confidence"": 0.85}, {""para_num"": 23, ""label"": ""data"", ""confidence"": 0.85}, {""para_num"": 24, ""label"": ""data"", ""confidence"": 0.85}, {""para_num"": 25, ""label"": ""interpretation"", ""confidence"": 0.6}, {""para_num"": 26, ""label"": ""data"", ""confidence"": 0.8}, {""para_num"": 27, ""label"": ""data"", ""confidence"": 0.85}, {""para_num"": 28, ""label"": ""data"", ""confidence"": 0.85}, {""para_num"": 29, ""label"": ""data"", ""confidence"": 0.85}, {""para_num"": 30, ""label"": ""data"", ""confidence"": 0.85}, {""para_num"": 31, ""label"": ""data"", ""confidence"": 0.8}, {""para_num"": 32, ""label"": ""data"", ""confidence"": 0.85}, {""para_num"": 33, ""label"": ""data"", ""confidence"": 0.85}, {""para_num"": 34, ""label"": ""data"", ""confidence"": 0.85}, {""para_num"": 35, ""label"": ""interpretation"", ""confidence"": 0.75}, {""para_num"": 36, ""label"": ""data"", ""confidence"": 0.7}, {""para_num"": 37, ""label"": ""interpretation"", ""confidence"": 0.6}, {""para_num"": 38, ""label"": ""interpretation"", ""confidence"": 0.7}, {""para_num"": 39, ""label"": ""interpretation"", ""confidence"": 0.7}, {""para_num"": 40, ""label"": ""interpretation"", ""confidence"": 0.7}, {""para_num"": 41, ""label"": ""interpretation"", ""confidence"": 0.65}, {""para_num"": 42, ""label"": ""interpretation"", ""confidence"": 0.65}, {""para_num"": 43, ""label"": ""data"", ""confidence"": 0.65}, {""para_num"": 44, ""label"": ""interpretation"", ""confidence"": 0.8}, {""para_num"": 45, ""label"": ""interpretation"", ""confidence"": 0.6}, {""para_num"": 46, ""label"": ""data"", ""confidence"": 0.65}, {""para_num"": 47, ""label"": ""data"", ""confidence"": 0.65}, {""para_num"": 48, ""label"": ""data"", ""confidence"": 0.65}, {""para_num"": 49, ""label"": ""data"", ""confidence"": 0.65}, {""para_num"": 50, ""label"": ""data"", ""confidence"": 0.65}, {""para_num"": 51, ""label"": ""data"", ""confidence"": 0.6}, {""para_num"": 52, ""label"": ""data"", ""confidence"": 0.65}, {""para_num"": 53, ""label"": ""data"", ""confidence"": 0.6}, {""para_num"": 54, ""label"": ""interpretation"", ""confidence"": 0.7}, {""para_num"": 55, ""label"": ""interpretation"", ""confidence"": 0.65}, {""para_num"": 56, ""label"": ""data"", ""confidence"": 0.65}, {""para_num"": 57, ""label"": ""data"", ""confidence"": 0.65}, {""para_num"": 58, ""label"": ""data"", ""confidence"": 0.65}, {""para_num"": 59, ""label"": ""data"", ""confidence"": 0.6}, {""para_num"": 60, ""label"": ""data"", ""confidence"": 0.75}, {""para_num"": 61, ""label"": ""data"", ""confidence"": 0.7}, {""para_num"": 62, ""label"": ""data"", ""confidence"": 0.7}, {""para_num"": 63, ""label"": ""data"", ""confidence"": 0.6}, {""para_num"": 64, ""label"": ""data"", ""confidence"": 0.7}, {""para_num"": 65, ""label"": ""data"", ""confidence"": 0.7}, {""para_num"": 66, ""label"": ""data"", ""confidence"": 0.65}, {""para_num"": 67, ""label"": ""data"", ""confidence"": 0.65}, {""para_num"": 68, ""label"": ""data"", ""confidence"": 0.65}, {""para_num"": 69, ""label"": ""data"", ""confidence"": 0.7}, {""para_num"": 70, ""label"": ""data"", ""confidence"": 0.7}, {""para_num"": 71, ""label"": ""data"", ""confidence"": 0.7}, {""para_num"": 72, ""label"": ""data"", ""confidence"": 0.6}, {""para_num"": 73, ""label"": ""data"", ""confidence"": 0.7}, {""para_num"": 74, ""label"": ""interpretation"", ""confidence"": 0.55}, {""para_num"": 75, ""label"": ""data"", ""confidence"": 0.7}, {""para_num"": 76, ""label"": ""data"", ""confidence"": 0.65}, {""para_num"": 77, ""label"": ""interpretation"", ""confidence"": 0.7}]",clear_split,"Despite huge length, the article clusters well: the entire 'Comprehensive Narrative,' 'Differences Between the Canonical Gospels,' and 'Gospel of Peter' sections are almost pure narrative data, the 'Biblical Prophecies' section is a concentrated block of interpretation, and the long 'Liturgical Use'/'Devotions'/'In the Arts' back half is again almost pure data — a heading like 'Comprehensive Narrative' correctly predicts pure data, and only a handful of isolated interpretive asides interrupt otherwise clean runs."
Bargain of Judas,https://en.wikipedia.org/wiki/Bargain_of_Judas,148,"[{""para_num"": 1, ""label"": ""data"", ""confidence"": 0.85}, {""para_num"": 2, ""label"": ""data"", ""confidence"": 0.85}, {""para_num"": 3, ""label"": ""data"", ""confidence"": 0.8}, {""para_num"": 4, ""label"": ""data"", ""confidence"": 0.5}, {""para_num"": 5, ""label"": ""data"", ""confidence"": 0.6}, {""para_num"": 6, ""label"": ""interpretation"", ""confidence"": 0.55}]",clear_split,"The 'Analysis' heading is somewhat misleading: PARA 4-5 under it are philological/translation comparisons (still fact-like, coded data), not real interpretive argument; the article is overwhelmingly narrative data, with only the closing classificatory remark reading as interpretation."
Jesus at Herod's court,https://en.wikipedia.org/wiki/Jesus_at_Herod%27s_court,149,"[{""para_num"": 1, ""label"": ""data"", ""confidence"": 0.85}, {""para_num"": 2, ""label"": ""data"", ""confidence"": 0.85}, {""para_num"": 3, ""label"": ""data"", ""confidence"": 0.8}, {""para_num"": 4, ""label"": ""data"", ""confidence"": 0.85}, {""para_num"": 5, ""label"": ""data"", ""confidence"": 0.8}, {""para_num"": 6, ""label"": ""data"", ""confidence"": 0.85}, {""para_num"": 7, ""label"": ""interpretation"", ""confidence"": 0.85}, {""para_num"": 8, ""label"": ""interpretation"", ""confidence"": 0.9}, {""para_num"": 9, ""label"": ""interpretation"", ""confidence"": 0.85}]",clear_split,"Very clean structure: the 'Biblical narrative' heading is pure narrative data and the 'Christology' heading is pure theological interpretation, with exactly one transition in the whole article — headings here accurately predict content, unlike several other longer Passion-cluster articles in this batch."
Arrest of Jesus,https://en.wikipedia.org/wiki/Arrest_of_Jesus,152,"[{""para_num"": 1, ""label"": ""data"", ""confidence"": 0.8}, {""para_num"": 2, ""label"": ""data"", ""confidence"": 0.8}, {""para_num"": 3, ""label"": ""interpretation"", ""confidence"": 0.6}, {""para_num"": 4, ""label"": ""data"", ""confidence"": 0.85}, {""para_num"": 5, ""label"": ""data"", ""confidence"": 0.85}, {""para_num"": 6, ""label"": ""data"", ""confidence"": 0.85}, {""para_num"": 7, ""label"": ""data"", ""confidence"": 0.85}, {""para_num"": 8, ""label"": ""data"", ""confidence"": 0.8}, {""para_num"": 9, ""label"": ""data"", ""confidence"": 0.8}]",clear_split,"Short, mostly single-block narrative: the entire 'Biblical Narrative' heading is pure data, and the only interpretive note is a brief embedded scholarly comment on narrative pacing in the unheaded lead; the gallery-of-art section was excluded as pure image captions with no prose."
Jesus' authority questioned,https://en.wikipedia.org/wiki/Jesus%27_authority_questioned,161,"[{""para_num"": 1, ""label"": ""data"", ""confidence"": 0.85}, {""para_num"": 2, ""label"": ""data"", ""confidence"": 0.9}, {""para_num"": 3, ""label"": ""data"", ""confidence"": 0.9}, {""para_num"": 4, ""label"": ""data"", ""confidence"": 0.9}, {""para_num"": 5, ""label"": ""data"", ""confidence"": 0.9}, {""para_num"": 6, ""label"": ""interpretation"", ""confidence"": 0.55}, {""para_num"": 7, ""label"": ""data"", ""confidence"": 0.8}]",muddled,"Extremely thin article, almost entirely paraphrase/quotation of the gospel dialogue (pure data), except one paragraph that slips in a present-tense philological aside about the Greek word 'exousia' being 'frequently used' — that single interpretive sentence, sandwiched between narrative paragraphs, is enough to push separation just under the clear-split threshold."
Raising of Jairus' daughter,https://en.wikipedia.org/wiki/Raising_of_Jairus%27_daughter,39,"[{""para_num"": 1, ""label"": ""data"", ""confidence"": 0.75}, {""para_num"": 2, ""label"": ""interpretation"", ""confidence"": 0.85}, {""para_num"": 3, ""label"": ""interpretation"", ""confidence"": 0.5}, {""para_num"": 4, ""label"": ""interpretation"", ""confidence"": 0.5}, {""para_num"": 5, ""label"": ""data"", ""confidence"": 0.8}, {""para_num"": 6, ""label"": ""data"", ""confidence"": 0.8}, {""para_num"": 7, ""label"": ""data"", ""confidence"": 0.85}, {""para_num"": 8, ""label"": ""data"", ""confidence"": 0.8}, {""para_num"": 9, ""label"": ""data"", ""confidence"": 0.8}, {""para_num"": 10, ""label"": ""data"", ""confidence"": 0.85}, {""para_num"": 11, ""label"": ""interpretation"", ""confidence"": 0.9}, {""para_num"": 12, ""label"": ""interpretation"", ""confidence"": 0.9}, {""para_num"": 13, ""label"": ""interpretation"", ""confidence"": 0.9}, {""para_num"": 14, ""label"": ""interpretation"", ""confidence"": 0.9}, {""para_num"": 15, ""label"": ""interpretation"", ""confidence"": 0.9}]",clear_split,"Headings 'Premise' and 'Setting' sound like they introduce plain narrative, but they actually open with historiographical framing about ancient biographical conventions before settling into the retelling — a mild heading/content mismatch. Otherwise the article cleanly separates: a solid data run in the middle followed by a solid interpretation run at the end (named-scholar commentary on symbolism, gender, and faith)."
Rich man and Lazarus,https://en.wikipedia.org/wiki/Rich_man_and_Lazarus,18,"[{""para_num"": 1, ""label"": ""data"", ""confidence"": 0.8}, {""para_num"": 2, ""label"": ""interpretation"", ""confidence"": 0.5}, {""para_num"": 3, ""label"": ""data"", ""confidence"": 0.95}, {""para_num"": 4, ""label"": ""data"", ""confidence"": 0.95}, {""para_num"": 5, ""label"": ""data"", ""confidence"": 0.95}, {""para_num"": 6, ""label"": ""interpretation"", ""confidence"": 0.85}, {""para_num"": 7, ""label"": ""interpretation"", ""confidence"": 0.85}, {""para_num"": 8, ""label"": ""interpretation"", ""confidence"": 0.85}, {""para_num"": 9, ""label"": ""interpretation"", ""confidence"": 0.85}, {""para_num"": 10, ""label"": ""interpretation"", ""confidence"": 0.85}, {""para_num"": 11, ""label"": ""interpretation"", ""confidence"": 0.85}, {""para_num"": 12, ""label"": ""interpretation"", ""confidence"": 0.85}, {""para_num"": 13, ""label"": ""interpretation"", ""confidence"": 0.85}, {""para_num"": 14, ""label"": ""interpretation"", ""confidence"": 0.85}, {""para_num"": 15, ""label"": ""interpretation"", ""confidence"": 0.85}, {""para_num"": 16, ""label"": ""interpretation"", ""confidence"": 0.8}, {""para_num"": 17, ""label"": ""interpretation"", ""confidence"": 0.85}, {""para_num"": 18, ""label"": ""interpretation"", ""confidence"": 0.85}, {""para_num"": 19, ""label"": ""interpretation"", ""confidence"": 0.75}, {""para_num"": 20, ""label"": ""data"", ""confidence"": 0.6}, {""para_num"": 21, ""label"": ""data"", ""confidence"": 0.75}, {""para_num"": 22, ""label"": ""data"", ""confidence"": 0.8}, {""para_num"": 23, ""label"": ""data"", ""confidence"": 0.8}, {""para_num"": 24, ""label"": ""data"", ""confidence"": 0.75}, {""para_num"": 25, ""label"": ""data"", ""confidence"": 0.7}, {""para_num"": 26, ""label"": ""data"", ""confidence"": 0.75}, {""para_num"": 27, ""label"": ""data"", ""confidence"": 0.75}, {""para_num"": 28, ""label"": ""interpretation"", ""confidence"": 0.75}, {""para_num"": 29, ""label"": ""data"", ""confidence"": 0.7}, {""para_num"": 30, ""label"": ""data"", ""confidence"": 0.75}, {""para_num"": 31, ""label"": ""data"", ""confidence"": 0.75}, {""para_num"": 32, ""label"": ""data"", ""confidence"": 0.7}, {""para_num"": 33, ""label"": ""data"", ""confidence"": 0.75}, {""para_num"": 34, ""label"": ""data"", ""confidence"": 0.75}, {""para_num"": 35, ""label"": ""data"", ""confidence"": 0.75}, {""para_num"": 36, ""label"": ""data"", ""confidence"": 0.75}, {""para_num"": 37, ""label"": ""data"", ""confidence"": 0.75}, {""para_num"": 38, ""label"": ""data"", ""confidence"": 0.75}, {""para_num"": 39, ""label"": ""data"", ""confidence"": 0.75}, {""para_num"": 40, ""label"": ""data"", ""confidence"": 0.8}, {""para_num"": 41, ""label"": ""data"", ""confidence"": 0.8}, {""para_num"": 42, ""label"": ""data"", ""confidence"": 0.75}, {""para_num"": 43, ""label"": ""data"", ""confidence"": 0.75}, {""para_num"": 44, ""label"": ""interpretation"", ""confidence"": 0.8}]",clear_split,"Very long article but structurally clean: text/quotation block (data), then a large explicit 'Interpretations' theological-debate section (interpretation), then a long reception-history/legacy/art/literature/music/Order-of-Saint-Lazarus stretch that is almost entirely concrete data, with one late interpretive paragraph breaking the tail. Headings map well onto content here."
Emmaus,https://en.wikipedia.org/wiki/Emmaus,7,"[{""para_num"": 1, ""label"": ""data"", ""confidence"": 0.7}, {""para_num"": 2, ""label"": ""data"", ""confidence"": 0.75}, {""para_num"": 3, ""label"": ""data"", ""confidence"": 0.75}, {""para_num"": 4, ""label"": ""data"", ""confidence"": 0.8}, {""para_num"": 5, ""label"": ""data"", ""confidence"": 0.8}, {""para_num"": 6, ""label"": ""data"", ""confidence"": 0.6}, {""para_num"": 7, ""label"": ""data"", ""confidence"": 0.7}, {""para_num"": 8, ""label"": ""data"", ""confidence"": 0.75}, {""para_num"": 9, ""label"": ""data"", ""confidence"": 0.75}, {""para_num"": 10, ""label"": ""data"", ""confidence"": 0.75}, {""para_num"": 11, ""label"": ""data"", ""confidence"": 0.75}, {""para_num"": 12, ""label"": ""data"", ""confidence"": 0.75}, {""para_num"": 13, ""label"": ""data"", ""confidence"": 0.8}, {""para_num"": 14, ""label"": ""data"", ""confidence"": 0.8}, {""para_num"": 15, ""label"": ""data"", ""confidence"": 0.8}, {""para_num"": 16, ""label"": ""data"", ""confidence"": 0.8}, {""para_num"": 17, ""label"": ""data"", ""confidence"": 0.7}, {""para_num"": 18, ""label"": ""data"", ""confidence"": 0.8}, {""para_num"": 19, ""label"": ""data"", ""confidence"": 0.8}, {""para_num"": 20, ""label"": ""data"", ""confidence"": 0.75}, {""para_num"": 21, ""label"": ""data"", ""confidence"": 0.75}, {""para_num"": 22, ""label"": ""data"", ""confidence"": 0.8}, {""para_num"": 23, ""label"": ""data"", ""confidence"": 0.75}, {""para_num"": 24, ""label"": ""data"", ""confidence"": 0.7}, {""para_num"": 25, ""label"": ""data"", ""confidence"": 0.8}, {""para_num"": 26, ""label"": ""data"", ""confidence"": 0.8}, {""para_num"": 27, ""label"": ""data"", ""confidence"": 0.8}, {""para_num"": 28, ""label"": ""data"", ""confidence"": 0.8}, {""para_num"": 29, ""label"": ""data"", ""confidence"": 0.85}, {""para_num"": 30, ""label"": ""data"", ""confidence"": 0.85}, {""para_num"": 31, ""label"": ""interpretation"", ""confidence"": 0.55}, {""para_num"": 32, ""label"": ""interpretation"", ""confidence"": 0.75}, {""para_num"": 33, ""label"": ""interpretation"", ""confidence"": 0.55}, {""para_num"": 34, ""label"": ""data"", ""confidence"": 0.7}, {""para_num"": 35, ""label"": ""data"", ""confidence"": 0.75}, {""para_num"": 36, ""label"": ""interpretation"", ""confidence"": 0.55}, {""para_num"": 37, ""label"": ""data"", ""confidence"": 0.7}, {""para_num"": 38, ""label"": ""data"", ""confidence"": 0.8}, {""para_num"": 39, ""label"": ""data"", ""confidence"": 0.75}, {""para_num"": 40, ""label"": ""data"", ""confidence"": 0.75}, {""para_num"": 41, ""label"": ""data"", ""confidence"": 0.7}, {""para_num"": 42, ""label"": ""data"", ""confidence"": 0.75}, {""para_num"": 43, ""label"": ""interpretation"", ""confidence"": 0.6}, {""para_num"": 44, ""label"": ""interpretation"", ""confidence"": 0.55}, {""para_num"": 45, ""label"": ""interpretation"", ""confidence"": 0.55}, {""para_num"": 46, ""label"": ""interpretation"", ""confidence"": 0.55}, {""para_num"": 47, ""label"": ""interpretation"", ""confidence"": 0.6}, {""para_num"": 48, ""label"": ""data"", ""confidence"": 0.75}, {""para_num"": 49, ""label"": ""data"", ""confidence"": 0.7}, {""para_num"": 50, ""label"": ""data"", ""confidence"": 0.7}, {""para_num"": 51, ""label"": ""interpretation"", ""confidence"": 0.75}, {""para_num"": 52, ""label"": ""data"", ""confidence"": 0.8}, {""para_num"": 53, ""label"": ""data"", ""confidence"": 0.8}]",clear_split,"Massive archaeology/history article dominated by data, with interpretation clustering specifically in the site-identification argumentation plus the closing symbolic-reading paragraph. Headings named after historical periods reliably deliver pure data, while headings about competing site candidates are where the genuine scholarly argument lives — a fairly honest heading/content correspondence overall."
Jesus and the woman taken in adultery,https://en.wikipedia.org/wiki/Jesus_and_the_woman_taken_in_adultery,1,"[{""para_num"": 1, ""label"": ""interpretation"", ""confidence"": 0.5}, {""para_num"": 2, ""label"": ""data"", ""confidence"": 0.85}, {""para_num"": 3, ""label"": ""interpretation"", ""confidence"": 0.85}, {""para_num"": 4, ""label"": ""data"", ""confidence"": 0.9}, {""para_num"": 5, ""label"": ""interpretation"", ""confidence"": 0.75}, {""para_num"": 6, ""label"": ""interpretation"", ""confidence"": 0.8}, {""para_num"": 7, ""label"": ""data"", ""confidence"": 0.65}, {""para_num"": 8, ""label"": ""interpretation"", ""confidence"": 0.75}, {""para_num"": 9, ""label"": ""data"", ""confidence"": 0.7}, {""para_num"": 10, ""label"": ""data"", ""confidence"": 0.7}, {""para_num"": 11, ""label"": ""interpretation"", ""confidence"": 0.6}, {""para_num"": 12, ""label"": ""interpretation"", ""confidence"": 0.75}, {""para_num"": 13, ""label"": ""data"", ""confidence"": 0.7}, {""para_num"": 14, ""label"": ""data"", ""confidence"": 0.8}, {""para_num"": 15, ""label"": ""data"", ""confidence"": 0.6}, {""para_num"": 16, ""label"": ""data"", ""confidence"": 0.8}, {""para_num"": 17, ""label"": ""data"", ""confidence"": 0.8}, {""para_num"": 18, ""label"": ""data"", ""confidence"": 0.8}, {""para_num"": 19, ""label"": ""data"", ""confidence"": 0.65}, {""para_num"": 20, ""label"": ""data"", ""confidence"": 0.8}, {""para_num"": 21, ""label"": ""data"", ""confidence"": 0.8}, {""para_num"": 22, ""label"": ""data"", ""confidence"": 0.75}, {""para_num"": 23, ""label"": ""data"", ""confidence"": 0.8}, {""para_num"": 24, ""label"": ""data"", ""confidence"": 0.8}, {""para_num"": 25, ""label"": ""data"", ""confidence"": 0.8}, {""para_num"": 26, ""label"": ""data"", ""confidence"": 0.75}, {""para_num"": 27, ""label"": ""data"", ""confidence"": 0.75}, {""para_num"": 28, ""label"": ""data"", ""confidence"": 0.7}, {""para_num"": 29, ""label"": ""data"", ""confidence"": 0.75}, {""para_num"": 30, ""label"": ""interpretation"", ""confidence"": 0.85}, {""para_num"": 31, ""label"": ""data"", ""confidence"": 0.75}, {""para_num"": 32, ""label"": ""data"", ""confidence"": 0.75}, {""para_num"": 33, ""label"": ""data"", ""confidence"": 0.75}, {""para_num"": 34, ""label"": ""interpretation"", ""confidence"": 0.85}, {""para_num"": 35, ""label"": ""interpretation"", ""confidence"": 0.85}, {""para_num"": 36, ""label"": ""interpretation"", ""confidence"": 0.85}, {""para_num"": 37, ""label"": ""data"", ""confidence"": 0.7}, {""para_num"": 38, ""label"": ""data"", ""confidence"": 0.7}, {""para_num"": 39, ""label"": ""data"", ""confidence"": 0.75}]",muddled,"Heading 'History of textual criticism' reads like it should be a neutral factual timeline, but it repeatedly folds in genuine scholarly-consensus/argument paragraphs, causing data and interpretation to alternate almost paragraph-by-paragraph through the opening third of the article; by contrast the later 'Textual history'/manuscript-quotation sections settle into long solid data runs, so the muddling is front-loaded rather than uniform. (Original agent output used a non-contiguous para_num sequence with gaps; renumbered here to 1..N in reading order, preserving the labels/confidences it assigned.)"
Nativity of Jesus,https://en.wikipedia.org/wiki/Nativity_of_Jesus,6,"[{""para_num"": 1, ""label"": ""data"", ""confidence"": 0.7}, {""para_num"": 2, ""label"": ""interpretation"", ""confidence"": 0.9}, {""para_num"": 3, ""label"": ""data"", ""confidence"": 0.6}, {""para_num"": 4, ""label"": ""interpretation"", ""confidence"": 0.7}, {""para_num"": 5, ""label"": ""interpretation"", ""confidence"": 0.85}, {""para_num"": 6, ""label"": ""data"", ""confidence"": 0.85}, {""para_num"": 7, ""label"": ""interpretation"", ""confidence"": 0.75}, {""para_num"": 8, ""label"": ""data"", ""confidence"": 0.9}, {""para_num"": 9, ""label"": ""data"", ""confidence"": 0.85}, {""para_num"": 10, ""label"": ""interpretation"", ""confidence"": 0.8}, {""para_num"": 11, ""label"": ""data"", ""confidence"": 0.85}, {""para_num"": 12, ""label"": ""data"", ""confidence"": 0.8}, {""para_num"": 13, ""label"": ""data"", ""confidence"": 0.65}, {""para_num"": 14, ""label"": ""data"", ""confidence"": 0.75}, {""para_num"": 15, ""label"": ""interpretation"", ""confidence"": 0.6}, {""para_num"": 16, ""label"": ""interpretation"", ""confidence"": 0.85}, {""para_num"": 17, ""label"": ""interpretation"", ""confidence"": 0.9}, {""para_num"": 18, ""label"": ""interpretation"", ""confidence"": 0.9}, {""para_num"": 19, ""label"": ""interpretation"", ""confidence"": 0.9}, {""para_num"": 20, ""label"": ""interpretation"", ""confidence"": 0.9}, {""para_num"": 21, ""label"": ""interpretation"", ""confidence"": 0.85}, {""para_num"": 22, ""label"": ""interpretation"", ""confidence"": 0.85}, {""para_num"": 23, ""label"": ""interpretation"", ""confidence"": 0.85}, {""para_num"": 24, ""label"": ""interpretation"", ""confidence"": 0.85}, {""para_num"": 25, ""label"": ""interpretation"", ""confidence"": 0.85}, {""para_num"": 26, ""label"": ""interpretation"", ""confidence"": 0.7}, {""para_num"": 27, ""label"": ""interpretation"", ""confidence"": 0.8}, {""para_num"": 28, ""label"": ""interpretation"", ""confidence"": 0.8}, {""para_num"": 29, ""label"": ""interpretation"", ""confidence"": 0.8}, {""para_num"": 30, ""label"": ""interpretation"", ""confidence"": 0.85}, {""para_num"": 31, ""label"": ""interpretation"", ""confidence"": 0.85}, {""para_num"": 32, ""label"": ""interpretation"", ""confidence"": 0.85}, {""para_num"": 33, ""label"": ""interpretation"", ""confidence"": 0.85}, {""para_num"": 34, ""label"": ""data"", ""confidence"": 0.6}, {""para_num"": 35, ""label"": ""data"", ""confidence"": 0.7}, {""para_num"": 36, ""label"": ""data"", ""confidence"": 0.55}, {""para_num"": 37, ""label"": ""interpretation"", ""confidence"": 0.75}, {""para_num"": 38, ""label"": ""interpretation"", ""confidence"": 0.55}, {""para_num"": 39, ""label"": ""data"", ""confidence"": 0.75}, {""para_num"": 40, ""label"": ""data"", ""confidence"": 0.8}, {""para_num"": 41, ""label"": ""data"", ""confidence"": 0.8}, {""para_num"": 42, ""label"": ""data"", ""confidence"": 0.8}, {""para_num"": 43, ""label"": ""data"", ""confidence"": 0.8}, {""para_num"": 44, ""label"": ""data"", ""confidence"": 0.75}, {""para_num"": 45, ""label"": ""data"", ""confidence"": 0.7}, {""para_num"": 46, ""label"": ""data"", ""confidence"": 0.65}, {""para_num"": 47, ""label"": ""interpretation"", ""confidence"": 0.75}, {""para_num"": 48, ""label"": ""interpretation"", ""confidence"": 0.75}]",clear_split,"The narrative gospel-retelling headings alternate with framing/interpretive sentences bookending them, keeping the opening third choppy; but the long 'Themes and analogies' through 'Christology' stretch is essentially pure theological interpretation, and the 'Impact on Christianity' feast-history section is essentially pure data, so the article clears the 0.70 separation bar despite a rocky start."
Date of the birth of Jesus,https://en.wikipedia.org/wiki/Date_of_the_birth_of_Jesus,33,"[{""para_num"": 1, ""label"": ""data"", ""confidence"": 0.6}, {""para_num"": 2, ""label"": ""interpretation"", ""confidence"": 0.55}, {""para_num"": 3, ""label"": ""interpretation"", ""confidence"": 0.6}, {""para_num"": 4, ""label"": ""data"", ""confidence"": 0.6}, {""para_num"": 5, ""label"": ""interpretation"", ""confidence"": 0.6}, {""para_num"": 6, ""label"": ""data"", ""confidence"": 0.8}, {""para_num"": 7, ""label"": ""interpretation"", ""confidence"": 0.55}, {""para_num"": 8, ""label"": ""data"", ""confidence"": 0.8}, {""para_num"": 9, ""label"": ""data"", ""confidence"": 0.7}, {""para_num"": 10, ""label"": ""data"", ""confidence"": 0.6}, {""para_num"": 11, ""label"": ""interpretation"", ""confidence"": 0.7}, {""para_num"": 12, ""label"": ""data"", ""confidence"": 0.6}, {""para_num"": 13, ""label"": ""data"", ""confidence"": 0.75}, {""para_num"": 14, ""label"": ""data"", ""confidence"": 0.7}, {""para_num"": 15, ""label"": ""data"", ""confidence"": 0.7}, {""para_num"": 16, ""label"": ""interpretation"", ""confidence"": 0.8}, {""para_num"": 17, ""label"": ""data"", ""confidence"": 0.65}, {""para_num"": 18, ""label"": ""data"", ""confidence"": 0.65}, {""para_num"": 19, ""label"": ""data"", ""confidence"": 0.75}, {""para_num"": 20, ""label"": ""data"", ""confidence"": 0.75}, {""para_num"": 21, ""label"": ""interpretation"", ""confidence"": 0.75}, {""para_num"": 22, ""label"": ""data"", ""confidence"": 0.8}, {""para_num"": 23, ""label"": ""data"", ""confidence"": 0.75}, {""para_num"": 24, ""label"": ""data"", ""confidence"": 0.65}, {""para_num"": 25, ""label"": ""interpretation"", ""confidence"": 0.75}, {""para_num"": 26, ""label"": ""interpretation"", ""confidence"": 0.7}, {""para_num"": 27, ""label"": ""data"", ""confidence"": 0.65}, {""para_num"": 28, ""label"": ""interpretation"", ""confidence"": 0.75}, {""para_num"": 29, ""label"": ""data"", ""confidence"": 0.7}, {""para_num"": 30, ""label"": ""data"", ""confidence"": 0.75}, {""para_num"": 31, ""label"": ""interpretation"", ""confidence"": 0.6}, {""para_num"": 32, ""label"": ""interpretation"", ""confidence"": 0.6}, {""para_num"": 33, ""label"": ""data"", ""confidence"": 0.75}, {""para_num"": 34, ""label"": ""data"", ""confidence"": 0.65}, {""para_num"": 35, ""label"": ""data"", ""confidence"": 0.7}, {""para_num"": 36, ""label"": ""data"", ""confidence"": 0.65}, {""para_num"": 37, ""label"": ""interpretation"", ""confidence"": 0.65}, {""para_num"": 38, ""label"": ""data"", ""confidence"": 0.6}, {""para_num"": 39, ""label"": ""data"", ""confidence"": 0.75}, {""para_num"": 40, ""label"": ""interpretation"", ""confidence"": 0.75}]",muddled,"Despite section headings that sound like clean factual buckets, nearly every paragraph in those sections braids a concrete historical/textual fact together with a hedged scholarly argument or named-scholar claim, producing frequent flips between data and interpretation almost paragraph-to-paragraph rather than the long contiguous runs seen in most other articles in this batch. (Full agent output ran to 85 paragraphs; truncated here to the first 40 for file size while preserving the muddled verdict and labels/confidences as assigned.)"
Transfiguration of Jesus,https://en.wikipedia.org/wiki/Transfiguration_of_Jesus,60,"[{""para_num"": 1, ""label"": ""data"", ""confidence"": 0.75}, {""para_num"": 2, ""label"": ""data"", ""confidence"": 0.85}, {""para_num"": 3, ""label"": ""data"", ""confidence"": 0.65}, {""para_num"": 4, ""label"": ""interpretation"", ""confidence"": 0.85}, {""para_num"": 5, ""label"": ""interpretation"", ""confidence"": 0.85}, {""para_num"": 6, ""label"": ""data"", ""confidence"": 0.65}, {""para_num"": 7, ""label"": ""data"", ""confidence"": 0.85}, {""para_num"": 8, ""label"": ""data"", ""confidence"": 0.85}, {""para_num"": 9, ""label"": ""data"", ""confidence"": 0.85}, {""para_num"": 10, ""label"": ""data"", ""confidence"": 0.85}, {""para_num"": 11, ""label"": ""interpretation"", ""confidence"": 0.7}, {""para_num"": 12, ""label"": ""interpretation"", ""confidence"": 0.85}, {""para_num"": 13, ""label"": ""interpretation"", ""confidence"": 0.85}, {""para_num"": 14, ""label"": ""interpretation"", ""confidence"": 0.85}, {""para_num"": 15, ""label"": ""interpretation"", ""confidence"": 0.85}, {""para_num"": 16, ""label"": ""interpretation"", ""confidence"": 0.8}, {""para_num"": 17, ""label"": ""data"", ""confidence"": 0.55}, {""para_num"": 18, ""label"": ""interpretation"", ""confidence"": 0.7}, {""para_num"": 19, ""label"": ""interpretation"", ""confidence"": 0.75}, {""para_num"": 20, ""label"": ""interpretation"", ""confidence"": 0.75}, {""para_num"": 21, ""label"": ""interpretation"", ""confidence"": 0.6}, {""para_num"": 22, ""label"": ""interpretation"", ""confidence"": 0.55}, {""para_num"": 23, ""label"": ""interpretation"", ""confidence"": 0.8}, {""para_num"": 24, ""label"": ""interpretation"", ""confidence"": 0.8}, {""para_num"": 25, ""label"": ""interpretation"", ""confidence"": 0.85}, {""para_num"": 26, ""label"": ""interpretation"", ""confidence"": 0.8}, {""para_num"": 27, ""label"": ""data"", ""confidence"": 0.75}, {""para_num"": 28, ""label"": ""interpretation"", ""confidence"": 0.55}, {""para_num"": 29, ""label"": ""data"", ""confidence"": 0.75}, {""para_num"": 30, ""label"": ""data"", ""confidence"": 0.75}, {""para_num"": 31, ""label"": ""data"", ""confidence"": 0.7}, {""para_num"": 32, ""label"": ""data"", ""confidence"": 0.65}, {""para_num"": 33, ""label"": ""data"", ""confidence"": 0.75}]",clear_split,"Good match between headings and content: 'New Testament accounts' is almost entirely narrative data, and the large 'Theology' mega-section is almost entirely interpretation with only isolated data-flavored paragraphs. 'Location of the mountain' mixes site-identification facts with historiographical debate about which mountain, similar to the Emmaus article's pattern."
Galilee,https://en.wikipedia.org/wiki/Galilee,86,"[{""para_num"": 1, ""label"": ""data"", ""confidence"": 0.8}, {""para_num"": 2, ""label"": ""data"", ""confidence"": 0.75}, {""para_num"": 3, ""label"": ""data"", ""confidence"": 0.75}, {""para_num"": 4, ""label"": ""data"", ""confidence"": 0.6}, {""para_num"": 5, ""label"": ""data"", ""confidence"": 0.7}, {""para_num"": 6, ""label"": ""data"", ""confidence"": 0.85}, {""para_num"": 7, ""label"": ""data"", ""confidence"": 0.8}, {""para_num"": 8, ""label"": ""data"", ""confidence"": 0.8}, {""para_num"": 9, ""label"": ""data"", ""confidence"": 0.75}, {""para_num"": 10, ""label"": ""data"", ""confidence"": 0.75}, {""para_num"": 11, ""label"": ""data"", ""confidence"": 0.75}, {""para_num"": 12, ""label"": ""data"", ""confidence"": 0.6}, {""para_num"": 13, ""label"": ""data"", ""confidence"": 0.7}, {""para_num"": 14, ""label"": ""data"", ""confidence"": 0.75}, {""para_num"": 15, ""label"": ""interpretation"", ""confidence"": 0.75}, {""para_num"": 16, ""label"": ""data"", ""confidence"": 0.75}, {""para_num"": 17, ""label"": ""data"", ""confidence"": 0.75}, {""para_num"": 18, ""label"": ""interpretation"", ""confidence"": 0.7}, {""para_num"": 19, ""label"": ""interpretation"", ""confidence"": 0.8}, {""para_num"": 20, ""label"": ""data"", ""confidence"": 0.75}]",clear_split,"A geography/history reference article that is overwhelmingly data throughout (etymology, borders, demographics, cuisine, tourism), with interpretation confined almost entirely to a cluster of paragraphs in the Hasmonean/Roman/Byzantine/Early-Muslim historical periods where scholars debate ethnic identity and demographic transitions. Headings are reliable indicators of content throughout. (Full agent output ran to 70 paragraphs; truncated here to the first 20 for file size while preserving the clear_split verdict and labels/confidences as assigned.)"
Matthew the Apostle,https://en.wikipedia.org/wiki/Matthew_the_Apostle,111,"[{""para_num"": 1, ""label"": ""data"", ""confidence"": 0.7}, {""para_num"": 2, ""label"": ""data"", ""confidence"": 0.7}, {""para_num"": 3, ""label"": ""data"", ""confidence"": 0.75}, {""para_num"": 4, ""label"": ""data"", ""confidence"": 0.7}, {""para_num"": 5, ""label"": ""data"", ""confidence"": 0.65}, {""para_num"": 6, ""label"": ""data"", ""confidence"": 0.7}, {""para_num"": 7, ""label"": ""data"", ""confidence"": 0.7}, {""para_num"": 8, ""label"": ""data"", ""confidence"": 0.7}, {""para_num"": 9, ""label"": ""data"", ""confidence"": 0.7}, {""para_num"": 10, ""label"": ""data"", ""confidence"": 0.85}, {""para_num"": 11, ""label"": ""data"", ""confidence"": 0.6}, {""para_num"": 12, ""label"": ""data"", ""confidence"": 0.7}, {""para_num"": 13, ""label"": ""interpretation"", ""confidence"": 0.85}, {""para_num"": 14, ""label"": ""data"", ""confidence"": 0.7}, {""para_num"": 15, ""label"": ""data"", ""confidence"": 0.75}, {""para_num"": 16, ""label"": ""data"", ""confidence"": 0.55}]",clear_split,"Almost entirely biographical/hagiographical data (apostolic career, martyrdom legend, veneration calendars across denominations, cross-religious references in Islam/Druze traditions, art and architecture), with exactly one clear interpretive paragraph — modern scholars challenging traditional Matthean authorship of the Gospel — standing out sharply rather than blending in. Section headings are highly reliable predictors of pure descriptive data content. (Original agent output used a non-contiguous para_num sequence with gaps; renumbered here to 1..N in reading order.)"
