family_name,article_title,wikipedia_url,signal_fires,tier_if_applicable,exemplar_ids_matched,notes
data-interpretation-split,Jesus and the woman taken in adultery,https://en.wikipedia.org/wiki/Jesus_and_the_woman_taken_in_adultery,true,upper,,"Clean split: 'The passage', 'History of textual criticism', 'Textual history', and 'Manuscripts' form one contiguous data block (manuscript dating, codices, transmission history); 'Interpretation', 'Arguments for/against Johannine authorship', and 'Status in the Bible' form one contiguous interpretation block with named scholars and hedged debate. Heading 'Interpretation' is accurate, not misleading."
data-interpretation-split,Chronology of Jesus,https://en.wikipedia.org/wiki/Chronology_of_Jesus,true,lower,,"Fires but muddled: nearly every section (birth year, years of preaching, date of crucifixion) is internally 'Mixed' -- concrete historical anchors (Herod's death, Pilate's prefecture) are interwoven paragraph-by-paragraph with scholarly dating debate rather than separated into blocks. No heading is misleading per se, but the mixing happens inside single headed sections, which an old heading classifier would miss."
data-interpretation-split,Nazareth,https://en.wikipedia.org/wiki/Nazareth,true,lower,,"One-sided: the article is almost entirely concrete data (history, geography, demographics, archaeology) with only a brief etymology debate offering any real interpretation. Doesn't achieve a genuine dual-block split -- it's a data-only article with a token analytical passage, not upper-tier."
data-interpretation-split,Calvary,https://en.wikipedia.org/wiki/Calvary,true,lower,,"Muddled: 'Location', 'Church of the Holy Sepulchre', and 'Gordon's Calvary' each interleave concrete archaeological/historical detail with active scholarly debate over site identification rather than separating into blocks; only 'Rockface' and 'Pilgrimages' are purely concrete."
data-interpretation-split,Bethsaida,https://en.wikipedia.org/wiki/Bethsaida,true,lower,,"Muddled/alternating: data (New Testament, History) then interpretation (Identification: candidates) then mixed (El-Araj, Et-Tell) then data (El-Mesydiah) then interpretation ('One or two Bethsaidas?') then data (Fifth Crusade) -- data and interpretation swap back and forth multiple times rather than forming two blocks."
data-interpretation-split,Jesus at the home of Martha and Mary,https://en.wikipedia.org/wiki/Jesus_at_the_home_of_Martha_and_Mary,true,lower,,"The 'Setting' section itself blends concrete gospel background with heavy named-scholar debate (Esler, Piper, Burkitt) about historical location, so the article never has a clean pure-data section; 'Interpretation' is a clean interpretive block, but its predecessor isn't clean data, so the split is muddled rather than sharp."
data-interpretation-split,Healing the deaf mute of Decapolis,https://en.wikipedia.org/wiki/Healing_the_deaf_mute_of_Decapolis,true,lower,,"'Biblical accounts' mixes the quoted gospel text with immediate scholarly interpretive commentary (Blomberg, Witherington) about the man's condition and Jesus's methods; 'Analysis' is purely interpretive and correctly labeled, but the preceding section is not clean data, so the overall split is muddled rather than upper-tier."
data-interpretation-split,Beatitudes,https://en.wikipedia.org/wiki/Beatitudes,true,upper,,"Clean split: 'Matthew 5:3-12' and 'Luke' are pure scriptural text (data block); 'Analysis and interpretation' is a clearly separated interpretive block with named scholars (Willard, Edersheim, Nietzsche) and denominational readings. Heading accurately signals the interpretive section."
data-interpretation-split,Parable of the Two Debtors,https://en.wikipedia.org/wiki/Parable_of_the_Two_Debtors,true,upper,,"Clean split: 'Narrative' (the parable text and setting) is data, immediately followed by a distinct 'Interpretation' block with named theologians (Green, Calvin, C.S. Lewis) debating meaning. 'Art and popular culture' afterward is a separate tertiary reception category, not competing with the core two-block split."
data-interpretation-split,New Commandment,https://en.wikipedia.org/wiki/New_Commandment,true,upper,,"Clean split: 'Gospel of John' and 'Other New Testament references' (with Johannine/Pauline/1 Peter subsections) are a pure textual-citation data block, followed by a single clearly separated 'Interpretations' block with named scholars (Hahn, Wycliffe commentary, Cardinal Martins). No misleading headings."
data-interpretation-split,Parable of the Wicked Husbandmen,https://en.wikipedia.org/wiki/Parable_of_the_Wicked_Husbandmen,true,upper,,"Clean split: 'The parable' is pure scriptural text (data), followed by 'Source tradition' and 'Interpretation' which together form one coherent, clearly separated interpretive block full of named scholars and hedged language ('could be', 'some have suggested')."
data-interpretation-split,Naked fugitive,https://en.wikipedia.org/wiki/Naked_fugitive,true,lower,,"One-sided: the article is almost entirely interpretive identity-speculation ('Identity' section, naming James the Just, the Beloved Disciple, etc.) with no real data block narrating the biblical episode itself -- the only other section is a short unrelated narrative about a Ben-Hur literary adaptation. Fires as 'present' but is one-sided rather than a genuine data+interpretation split."
data-interpretation-split,Exorcism of the Syrophoenician woman's daughter,https://en.wikipedia.org/wiki/Exorcism_of_the_Syrophoenician_woman's_daughter,true,lower,,"Muddled: 'Passage' extends beyond quoting scripture into commentary on translation choices, and 'Syrophoenician woman' blends identity/context data with interpretive debate about Matthew's word choice, before a clean 'Commentary' interpretive block. The heading 'Passage' misleadingly implies pure text when it already contains interpretive framing."
data-interpretation-split,Jesus' authority questioned,https://en.wikipedia.org/wiki/Jesus%27_authority_questioned,false,,,Does not fire: the article is a single unheaded narrative block (gospel text plus brief context) with no distinct interpretation/analysis section at all -- there is nothing for a split to separate.
data-interpretation-split,The Three Marys,https://en.wikipedia.org/wiki/The_Three_Marys,true,lower,,"Muddled: 'at the crucifixion' and 'at the tomb' both blend gospel narrative with scholarly debate over conflicting identities within the same section; only the final short 'Other interpretations' section is purely interpretive, appended after heavy interleaving rather than forming a clean second block."
data-interpretation-split,Pool of Bethesda,https://en.wikipedia.org/wiki/Pool_of_Bethesda,true,lower,,"Heavily interleaved: 'Name' (interpretive etymology debate), 'Identification' (mixed/interpretive), 'Archaeology' (data), 'Gospel account' (data), then History subsections alternate between concrete construction data and scholarly debate (e.g. mikveh vs. sheep-washing, Murphy-O'Connor's cave theory) repeatedly rather than forming two blocks."
data-interpretation-split,Parable of the Sower,https://en.wikipedia.org/wiki/Parable_of_the_Sower,true,upper,,"Clean split: 'Text' and 'Context' form a pure data block (scripture plus narrative setting), followed by 'Interpretations' and 'Commentary from the Church Fathers' forming one coherent interpretive block with named scholars (Ellicott, Meyer, Jerome, Chrysostom). 'Depictions in the Arts' afterward is a minor tertiary reception category."
balanced-debate,Gospel of John,https://en.wikipedia.org/wiki/Gospel_of_John,true,,,Fires strongly. Indicator 2: named scholars on authorship (traditional attribution to Irenaeus vs Licona/McDonald&Sanders majority rejection vs literary-creation theory); indicator 1: 20th-c Johannine Community paradigm framed as long-standing consensus now challenged by Bauckham/Skinner; indicator 3: historical-reliability debate spans evidence and interpretation; indicator 4: Gnosticism debate shows anchored consensus displacing Bultmann via Raymond Brown's counter-argument.
balanced-debate,Resurrection of Jesus,https://en.wikipedia.org/wiki/Resurrection_of_Jesus,true,,,"Fires strongly. Indicator 2/3: N.T. Wright & James Dunn vs Bart Ehrman & Gerd Lüdemann on empty-tomb historicity, disagreeing at both evidence level and interpretation level; article explicitly states the question 'cannot be answered,' avoiding false consensus."
balanced-debate,Lord's Prayer,https://en.wikipedia.org/wiki/Lord%27s_Prayer,true,,,Fires. Indicator 2/3: Dibelius/Jeremias vs Goulder/Mosbo/Olson disagree on both textual evidence and literary-dependence interpretation. Red flag noted and excluded: bare consensus claim on authenticity cited without a named opposing view.
balanced-debate,Nativity of Jesus,https://en.wikipedia.org/wiki/Nativity_of_Jesus,true,,,"Fires, but weaker. Indicator 2: Matthew 2:23 interpretation has multiple named scholars in real dispute. Red flag: general historicity split names only the skeptical side, traditionalist side unattributed — noted as a weakness within an otherwise-firing article."
balanced-debate,Parable of the Good Samaritan,https://en.wikipedia.org/wiki/Parable_of_the_Good_Samaritan,true,,,Fires. Indicator 2/3: Origen/Augustine/Irenaeus allegorical reading vs Calvin's explicit rejection; separately Scott (Jesus Seminar) vs Snodgrass/Oxford Commentary dispute the parable's original literary context. Liberation-theology readings noted as lacking named opposition (not counted).
balanced-debate,Gospel of Mark,https://en.wikipedia.org/wiki/Gospel_of_Mark,true,,,Fires. Authorship genuinely divided between Hengel and Theissen/Moloney; Wrede's messianic-secret thesis framed as long-running debate. Dating: Rodriguez vs Bond differ with reasoning.
balanced-debate,Gospel of Luke,https://en.wikipedia.org/wiki/Gospel_of_Luke,true,,,Fires. Authorship debate explicitly framed as 'roughly evenly divided... challenged in recent years'; Two-Source vs Farrer vs Matthean Posteriority named as competing live schools with Mark Goodacre as named proponent.
balanced-debate,Chronology of Jesus,https://en.wikipedia.org/wiki/Chronology_of_Jesus,true,,,"Fires on birth-year dating specifically. Schürer's 4 BC dating vs Filmer/Steinmann's 1 BC, disagreeing over the same eclipse evidence and over succession/legitimacy motives."
balanced-debate,Miracles of Jesus,https://en.wikipedia.org/wiki/Miracles_of_Jesus,true,,,"Fires, moderate. Ehrman vs Meier vs Casey, named, reasoned, disagreeing on both evidence and interpretation. Jesus Seminar's numeric verdict is a named-school position."
balanced-debate,Historicity of Jesus,https://en.wikipedia.org/wiki/Historicity_of_Jesus,false,,,Does NOT fire on honest reading. Mythicist scholars are named but positions are dismissed as methodological failure rather than engaged with as legitimate competing evidence-interpretation; consensus is heavily one-sided. This is the settled-consensus-vs-marginalized-fringe pattern the signal should NOT reward.
balanced-debate,Gospel of Matthew,https://en.wikipedia.org/wiki/Gospel_of_Matthew,true,,,Fires. Majority anonymous-composition/c.80-90AD dating vs N.T. Wright & John Wenham's named minority defense of a 40s-50s date. Two-Source vs Farrer/Matthean-Posteriority hypotheses again named as live competing schools.
balanced-debate,Exorcism of the Gerasene demoniac,https://en.wikipedia.org/wiki/Exorcism_of_the_Gerasene_demoniac,true,,,"Fires, moderate. Geographic-location debate is evidence-level with named reasoning; Augustine/Aquinas vs John Austin Baker is a genuine named interpretation-level dispute."
balanced-debate,The Garden Tomb,https://en.wikipedia.org/wiki/The_Garden_Tomb,false,,,"Does not fire. Named scholars argue against authenticity with archaeological evidence, but no contemporary scholar is named defending authenticity — only 19th-century non-scholarly figures. Settled archaeological consensus against a devotional tradition, not two-sided scholarly debate."
balanced-debate,Cleansing of the Temple,https://en.wikipedia.org/wiki/Cleansing_of_the_Temple,true,,,"Fires, moderate. Keener vs Aquinas/Augustine is evidence-level; separately Witherington/Keener vs Crossan is interpretation-level. Red flag noted: bare consensus statement not anchored to named reasoning — excluded from firing basis."
balanced-debate,Beatitudes,https://en.wikipedia.org/wiki/Beatitudes,false,,,"Does not fire on strict reading. Only one substantive named disagreement exists (Willard vs unnamed tradition) — single scholar vs unnamed tradition, not sustained multi-scholar back-and-forth. Nietzsche's critique has no named scholarly defender responding."
balanced-debate,Triumphal entry into Jerusalem,https://en.wikipedia.org/wiki/Triumphal_entry_into_Jerusalem,true,,,"Fires strongly. Multiple independent named debates: crowd size, plausibility given Roman response, and the two-donkey reading (Ehrman vs Casey) — genuine data-and-interpretation disagreement on all three threads."
balanced-debate,Jesus and the woman taken in adultery,https://en.wikipedia.org/wiki/Jesus_and_the_woman_taken_in_adultery,true,,,"Fires strongly. Metzger/Hort/Ehrman vs Hodges/Farstad is evidence-level; separately, scholars who reject Johannine authorship nonetheless argue the story preserves authentic historical tradition — a genuinely cross-cutting interpretation-layer disagreement."
balanced-debate,Turning the other cheek,https://en.wikipedia.org/wiki/Turning_the_other_cheek,true,,,"Fires. Tolstoy vs Wink/Levine/Brettler is interpretation-level; Konradt and Nolland separately dispute the Greek text (evidence/textual level); Pennington adds a named third position. Multiple independent named voices, not a bare two-camp gloss."
anti-supernatural,Crucifixion darkness,https://en.wikipedia.org/wiki/Crucifixion_darkness,true,upper,,"Real structural asymmetry: the 'Miracle' interpretation section is brief while 'Natural phenomenon' (eclipse) and 'Literary creation' sections get extensive detail and multiple scholarly citations, including detailed astronomical calculations arguing the miracle account is implausible. Hedging/distancing language surrounds the supernatural reading ('treated this as a miracle', 'believed it to be') while naturalistic/literary-creation readings are stated more assertively ('modern scholarship to read the account... as a literary creation'). Corroborating ancient sources for the darkness are undercut with 'although no copies... survive' while the skeptical reading isn't held to the same evidentiary caveat. Multiple dimensions (attribution asymmetry + granularity/citation imbalance + structural positioning) clearly present."
anti-supernatural,Resurrection of Jesus,https://en.wikipedia.org/wiki/Resurrection_of_Jesus,true,lower,,"Overall the article is reasonably balanced and presents the Christian claim straightforwardly without scare quotes. But there is a real, if mild, imbalance: skeptical/naturalistic arguments (e.g., Ehrman on crucifixion practice and body disposal) are given extensive, vivid detail and appear early/throughout, while traditionalist rebuttals are comparably compressed and reactive ('A number of Christian authors have rejected the criticisms...'). This is granularity + mild positional asymmetry, but weak enough that it sits right at the neutral/biased boundary — marking as lower tier rather than upper."
anti-supernatural,Crucifixion of Jesus,https://en.wikipedia.org/wiki/Crucifixion_of_Jesus,false,,,"Supernatural events (darkness, temple veil tearing, resurrected saints) are reported factually as gospel content ('the Bible describes... several supernatural events') without dismissive hedging. The word 'according to' is used for both miracle and non-miracle gospel details, and 'reported' in the extraordinary-occurrences section reads as standard historiographic distancing rather than asymmetric skepticism. No structural bias found."
anti-supernatural,Calvary,https://en.wikipedia.org/wiki/Calvary,false,,,"Article is about the site/archaeology, not a supernatural-vs-naturalistic argument. Minimal supernatural content; 'claimed' is used appropriately for Helena's True Cross discovery claim (a claim of provenance, not the passion/miracle content this family targets), and medieval legends are clearly labeled as such. No asymmetry against the passion/miracle claims themselves."
anti-supernatural,Thirty pieces of silver,https://en.wikipedia.org/wiki/Thirty_pieces_of_silver,false,,,"No supernatural claim is really in play (mostly numismatics, prophecy-typology discussion, relic legends). Prophecy-fulfillment scholarship (Blomberg) is presented as one interpretation among others without hedging asymmetry."
anti-supernatural,Pilate's court,https://en.wikipedia.org/wiki/Pilate%27s_court,false,,,"No supernatural claims discussed; article is about the trial narrative and later shifts in how gospels portray blame. Descriptive, not evaluative of miracle claims."
anti-supernatural,Healing the deaf mute of Decapolis,https://en.wikipedia.org/wiki/Healing_the_deaf_mute_of_Decapolis,false,,,"No naturalistic alternative is presented at all, so there's no asymmetry to speak of (nothing to be asymmetric against). Article is textual/theological analysis only."
anti-supernatural,Jesus healing an infirm woman,https://en.wikipedia.org/wiki/Jesus_healing_an_infirm_woman,false,,,"If anything the imbalance runs the opposite direction from this family (miracle presented as fact, medical identification of the underlying condition offered without any framing that undercuts the miracle claim). Not an anti-supernatural bias case, so does not fire for this signal."
anti-supernatural,Cleansing of the Temple,https://en.wikipedia.org/wiki/Cleansing_of_the_Temple,false,,,"Not really a supernatural-claim article (act itself isn't a miracle); historicity/interpretation scholarship (Witherington, Keener) is presented evenhandedly with symmetric hedging on both event interpretations."
anti-supernatural,Anointing of Jesus,https://en.wikipedia.org/wiki/Anointing_of_Jesus,false,,,No supernatural claim/naturalistic-explanation contrast present; purely textual-comparison content across gospels.
anti-supernatural,Jesus predicts his death,https://en.wikipedia.org/wiki/Jesus_predicts_his_death,false,,,"Reasonably neutral; scholarly disagreement is acknowledged with hedges on both sides ('no consensus has emerged'). Notably the article largely omits the vaticinium ex eventu (prophecy-after-the-fact) skeptical argument, which is an omission but not an asymmetric-framing bias against the supernatural view — if anything it under-represents the naturalistic side."
anti-supernatural,Jesus healing the bleeding woman,https://en.wikipedia.org/wiki/Jesus_healing_the_bleeding_woman,false,,,"Medical possibilities (menorrhagia/haemorrhoids) are offered as diagnostic identification, not as a debunking naturalistic explanation; treated evenhandedly with the miracle narrative reported directly."
anti-supernatural,Women at the crucifixion,https://en.wikipedia.org/wiki/Women_at_the_crucifixion,false,,,"Purely textual-comparison article (which women, naming discrepancies); no supernatural-vs-naturalistic content at all."
anti-supernatural,Healing of the centurion's servant,https://en.wikipedia.org/wiki/Healing_of_the_centurion%27s_servant,false,,,"No naturalistic explanations present to create asymmetry; scholarly discussion is about sourcing (Q) and textual variants, not the miracle's plausibility."
anti-supernatural,Healing the mother of Peter's wife,https://en.wikipedia.org/wiki/Healing_the_mother_of_Peter%27s_wife,false,,,"Imbalance here runs pro-supernatural (miracle presented as fact, no naturalistic side offered at all, extensive patristic symbolic commentary) — not the anti-supernatural direction this family targets, so it does not fire."
anti-supernatural,Miraculous catch of fish,https://en.wikipedia.org/wiki/Miraculous_catch_of_fish,false,,,"Both the miracle account and a 2024 seiche-based scientific theory are described with similarly assertive, non-hedged language; no scare quotes or differential citation load found."
anti-supernatural,Naked fugitive,https://en.wikipedia.org/wiki/Naked_fugitive,false,,,Not a supernatural-claim passage; purely historical-identity speculation about the unnamed young man in Mark.
anti-supernatural,Triumphal entry into Jerusalem,https://en.wikipedia.org/wiki/Triumphal_entry_into_Jerusalem,false,,,"Prophecy-fulfillment claims reported factually ('is said to', 'according to'); critical scholarship (Ehrman, Sanders) gets substantial, comparable space rather than being relegated — balanced treatment of a genuinely contested historicity question."
anti-supernatural,Sanhedrin trial of Jesus,https://en.wikipedia.org/wiki/Sanhedrin_trial_of_Jesus,false,,,"Accusations (sorcery, demon-power exorcism) and historicity questioning are both reported factually without editorializing in either direction."
anti-supernatural,Healing the paralytic at Bethesda,https://en.wikipedia.org/wiki/Healing_the_paralytic_at_Bethesda,false,,,"Article stays in textual-criticism territory (manuscript reliability of the angel-stirred-water verse, Asclepius-cult parallels) without asserting or denying the miracle's plausibility; neither belief nor disbelief privileged."
anti-supernatural,Kiss of Judas,https://en.wikipedia.org/wiki/Kiss_of_Judas,false,,,No supernatural claim under discussion; purely narrative/art-history content.
anti-supernatural,Healing the paralytic at Capernaum,https://en.wikipedia.org/wiki/Healing_the_paralytic_at_Capernaum,false,,,"No naturalistic counter-explanation exists in the article to create asymmetry; imbalance, if any, is pro-supernatural (miracle presented uncontested), which is not what this family penalizes."
anti-supernatural,Healing the royal official's son,https://en.wikipedia.org/wiki/Healing_the_royal_official%27s_son,false,,,"Same pattern: no skeptical counter-explanation present, so no anti-supernatural asymmetry; article stays in source-critical/textual territory."
anti-supernatural,Jesus healing in the land of Gennesaret,https://en.wikipedia.org/wiki/Jesus_healing_in_the_land_of_Gennesaret,false,,,No naturalistic explanation offered at all; article discusses relic-veneration theology instead. Not anti-supernatural.
anti-supernatural,Last Supper,https://en.wikipedia.org/wiki/Last_Supper,false,,,Genuinely balanced: Jesus Seminar skepticism and traditionalist/Bultmann-vs-'increasing number of scholars' positions are both given comparable space and treated as live scholarly debate rather than one side being privileged.
anti-supernatural,Passion of Jesus,https://en.wikipedia.org/wiki/Passion_of_Jesus,false,,,"Resurrection and miracle content presented straightforwardly ('Jesus rises from the dead... reportedly appearing'); the lone hedge word ('reportedly') attaches to post-resurrection appearances only, and disputed-interpolation content (Luke 22:43-44) is noted with the same non-assertive, attributed language used elsewhere. No structural segregation of the two views."
anti-supernatural,Bargain of Judas,https://en.wikipedia.org/wiki/Bargain_of_Judas,false,,,"The one supernatural element (Luke's 'Satan entered Judas') is reported as gospel content without hedging, and without a naturalistic alternative being introduced to create asymmetry — if anything under-analyzed rather than biased."
anti-supernatural,Jesus at Herod's court,https://en.wikipedia.org/wiki/Jesus_at_Herod%27s_court,false,,,"Minimal miracle content ('hoping to observe one of the miracles'), reported neutrally as narrative detail with no comparative naturalistic framing at all."
ot-nt-discontinuity,Saint Peter,https://en.wikipedia.org/wiki/Saint_Peter,false,,,"Biographical article; only theological discussion is denominational interpretation of 'on this rock' (Catholic vs Orthodox), no OT/NT discontinuity framing."
ot-nt-discontinuity,New Wine into Old Wineskins,https://en.wikipedia.org/wiki/New_Wine_into_Old_Wineskins,true,,,"Clear discontinuity framing: article says Jesus 'pits his own, new way against the old way of the Pharisees', cites Marcion's use of the passage to argue 'total separation' between Jesus/Paul's religion and Hebrew Scripture, and frames new covenant vs old practices as the parable's central meaning. Fires on Law/covenant-tension school."
ot-nt-discontinuity,Emmaus,https://en.wikipedia.org/wiki/Emmaus,false,,,Geographic/archaeological article; mentions Jesus 'explains prophecies about the Messiah' but does not analyze the OT/NT relationship at all.
ot-nt-discontinuity,Jerusalem,https://en.wikipedia.org/wiki/Jerusalem,false,,,"Only NT/OT mention is that NT crucifixion/resurrection account 'reinforced' Jerusalem's pre-existing holiness under the OT — continuity framing, not discontinuity."
ot-nt-discontinuity,Judas Iscariot,https://en.wikipedia.org/wiki/Judas_Iscariot,false,,,"Borderline: notes Matthew 27:9-10 misattributes a Zechariah-derived prophecy to Jeremiah, causing 'difficulties'. This is a scholarly note on a textual attribution error, not a decontextualization/proof-texting critique of OT meaning being twisted — judged not to fire."
ot-nt-discontinuity,Bethsaida,https://en.wikipedia.org/wiki/Bethsaida,false,,,Archaeological/historical article; only OT connection is a neutral geographic identification with Geshur.
ot-nt-discontinuity,Mary Magdalene,https://en.wikipedia.org/wiki/Mary_Magdalene,false,,,Biographical/hagiographic article; no engagement with OT/NT relationship at all.
ot-nt-discontinuity,Capernaum,https://en.wikipedia.org/wiki/Capernaum,false,,,Archaeological article; no theological discussion of OT/NT relationship.
ot-nt-discontinuity,Galilee,https://en.wikipedia.org/wiki/Galilee,false,,,"Geography/history article; NT mentioned only descriptively (miracles, Sermon on the Mount), no discontinuity framing."
ot-nt-discontinuity,Caiaphas,https://en.wikipedia.org/wiki/Caiaphas,false,,,Biographical/historical article on the high priest; no OT/NT tension discussion.
ot-nt-discontinuity,Parable of the Tares,https://en.wikipedia.org/wiki/Parable_of_the_Tares,false,,,Focuses on botanical/eschatological/patristic commentary within NT framework only; no OT/NT discontinuity engagement.
ot-nt-discontinuity,Flight into Egypt,https://en.wikipedia.org/wiki/Flight_into_Egypt,true,,,"Fires on proof-texting/decontextualization school: article's 'Prophecy of Hosea' section explicitly discusses Matthew applying Hosea 11:1 ('out of Egypt I called my son') to Jesus despite it originally referring to Israel's exodus, invoking 'sensus plenior' to explain the gap between Hosea's original meaning and Matthew's reapplication — framed as an interpretive/hermeneutical gap, not straightforward fulfillment."
ot-nt-discontinuity,Eye of a needle,https://en.wikipedia.org/wiki/Eye_of_a_needle,false,,,"Comparative-idiom article across Judaism, Christianity, Islam; no OT/NT discontinuity framing."
ot-nt-discontinuity,Jesus,https://en.wikipedia.org/wiki/Jesus,false,,,"Mentions that mainstream Judaism 'rejects the belief that Jesus was the awaited messiah, holding that he did not fulfil messianic prophecies' — a brief, neutral statement of a competing view rather than the article itself adopting critical/discontinuity framing (schools b/c/d are entirely absent). Judged not to fire, though borderline."
ot-nt-discontinuity,Jesus and the woman taken in adultery,https://en.wikipedia.org/wiki/Jesus_and_the_woman_taken_in_adultery,false,,,"Notes historical gap between Mosaic stoning penalty and 1st-century Roman-constrained Jewish practice, but frames this as historical/legal context, not as the NT abrogating/superseding OT Law."
ot-nt-discontinuity,Exorcism of the Gerasene demoniac,https://en.wikipedia.org/wiki/Exorcism_of_the_Gerasene_demoniac,false,,,"Only OT link is a 'tenuous connection' to Isaiah 65:4 (tombs/swine), presented as thematic parallel, not discontinuity/Hellenistic-influence framing on demonology."
ot-nt-discontinuity,Parable of the Good Samaritan,https://en.wikipedia.org/wiki/Parable_of_the_Good_Samaritan,false,,,"OT references (2 Chronicles 28, Leviticus 19:18) are presented explicitly as continuity/models, not tension."
ot-nt-discontinuity,Sermon on the Mount,https://en.wikipedia.org/wiki/Sermon_on_the_Mount,false,,,"Explicitly argues against the Law-abrogation reading: 'these new interpretations of the Law and Prophets are not opposed to the Old Testament', rejects antinomianism, and frames Sinai/Sermon-on-the-Mount parallel as continuity. A clean example of neutral/continuity framing that should NOT fire despite touching directly on Law reinterpretation."
ot-nt-discontinuity,Pilate's court,https://en.wikipedia.org/wiki/Pilate%27s_court,false,,,Trial-narrative comparison across the four gospels; no OT/NT theological relationship discussed.
mythicist-framing,Historicity of Jesus,https://en.wikipedia.org/wiki/Historicity_of_Jesus,true,,,"Has a full section titled 'Christ myth theory' plus discussion of all three named authors. Carrier is cited (via a note) admitting historicity is 'the default consensus'; Price is quoted noting critics 'dismiss Christ Myth theory as a discredited piece of lunatic fringe thought alongside Holocaust Denial'; Doherty's no-historical-Jesus view is summarized via Ehrman. Framing is explicitly quarantined/refuted: 'The Christ myth theory has been on the fringes of scholarship for over two centuries, with virtually no support from scholars' and 'Virtually all scholars dismiss theories of Jesus's non-existence or regard them as refuted.' This is the best-case pattern (cited specifically to be rejected), even though a naive keyword detector can't distinguish that from narrative-embedded use."
mythicist-framing,Jesus,https://en.wikipedia.org/wiki/Jesus,true,,,"None of Carrier/Price/Doherty named, but 'Christ myth theory' appears as its own subsection under 'Historical views', preceded by the article's lead statement that 'virtually all modern scholars of antiquity agree that Jesus existed historically.' Framing is quarantined (minority view relegated to a labeled subsection after consensus is established) rather than narrative-embedded or explicitly refuted at length — a middle case."
mythicist-framing,Saint Peter,https://en.wikipedia.org/wiki/Saint_Peter,false,,,"No mention of Carrier, Price, Doherty, mythicism, or Christ myth theory anywhere in the article."
mythicist-framing,Date of the birth of Jesus,https://en.wikipedia.org/wiki/Date_of_the_birth_of_Jesus,false,,,"'Christ myth theory' appears only as a bare link in the 'See also' section with no surrounding discussion — no named authors and no framing in body prose to judge, so counted as not firing."
mythicist-framing,Sources for the historicity of Jesus,https://en.wikipedia.org/wiki/Sources_for_the_historicity_of_Jesus,false,,,"'Jesus myth theory' appears only in the navigation/sidebar template listing related topics, not discussed in body text. No named authors present. Treated as non-firing since there's no actual framing to evaluate — this is template noise, not content."
mythicist-framing,Farewell Discourse,https://en.wikipedia.org/wiki/Farewell_Discourse,false,,,"No mentions of Carrier/Price/Doherty, mythicism, or Christ myth theory despite the article having a 'Historicity' section discussing authenticity debates."
mythicist-framing,Historicity of the Gospels,https://en.wikipedia.org/wiki/Historicity_of_the_Gospels,true,,,"Same pattern as 'Historical reliability of the Gospels': the identical footnote quote dismissing mythicism as held by no 'respectable critical scholar,' plus a 'See also' entry explicitly labeling Christ myth theory a fringe theory claiming Jesus didn't exist. Refuted/dismissed framing, not narrative-embedded."
mythicist-framing,Baptism of Jesus,https://en.wikipedia.org/wiki/Baptism_of_Jesus,false,,,'Christ myth theory' appears only as a footer navigation link; no named authors and no body-text discussion. Treated as non-firing.
mythicist-framing,Crucifixion darkness,https://en.wikipedia.org/wiki/Crucifixion_darkness,false,,,"Richard Carrier appears only as a bibliography citation (his book 'On the Historicity of Jesus: Why We Might Have Reason for Doubt' is listed as a reference), with no discussion of his mythicist argument in the prose itself. A naive name-match detector would fire here, but there is no actual narrative framing to judge — it's a citation, not content engaging with mythicism."
mythicist-framing,Resurrection of Jesus,https://en.wikipedia.org/wiki/Resurrection_of_Jesus,false,,,"No mentions of Carrier/Price/Doherty/mythicism/Christ myth theory. The article does discuss 'stolen body,' 'swoon,' and 'substitution' hypotheses as skeptical explanations of the empty tomb, but these are not mythicist (denial-of-existence) positions and are explicitly flagged as 'not supported in mainstream scholarship' — out of scope for this signal family."
mythicist-framing,Calvary,https://en.wikipedia.org/wiki/Calvary,false,,,No mentions of any mythicist authors or terms; article is purely about the location's etymology and archaeology.
mythicist-framing,Anointing of Jesus,https://en.wikipedia.org/wiki/Anointing_of_Jesus,false,,,"'Christ myth theory' appears only as a navbox link under 'Historical Jesus' related-topics list at the bottom of the page, with no body discussion. Treated as non-firing since it's template noise, not content framing."
jesus-seminar,Genealogy of Jesus,https://en.wikipedia.org/wiki/Genealogy_of_Jesus,true,,,"Crossan and Borg cited twice (intro and 'Explanations for divergence' section) arguing both genealogies are inventions constructed to fit messianic criteria. Explicitly framed as 'some modern critical scholars ... argued/contend' — quarantined as one view, not settled fact. Funk/Jesus Seminar not present."
jesus-seminar,Resurrection of Jesus,https://en.wikipedia.org/wiki/Resurrection_of_Jesus,true,,,"Crossan cited once in the Burial subsection ('followers did not know what happened to the body'), presented as one interpretation among competing theories, directly contrasted with Dale Allison and Maurice Casey. Funk/Borg/Jesus Seminar not found."
jesus-seminar,Historicity of the Gospels,https://en.wikipedia.org/wiki/Historicity_of_the_Gospels,true,,,"Jesus Seminar named twice: a 'See also' link, and a footnote noting they dissent from the majority apocalyptic-prophet view. Clearly quarantined as a minority position, not endorsed. Funk/Crossan/Borg not found."
jesus-seminar,Triumphal entry into Jerusalem,https://en.wikipedia.org/wiki/Triumphal_entry_into_Jerusalem,true,,,"Borg and Crossan cited in the scholarly-analysis section characterizing the entry as a planned 'counterprocession'; presented as one interpretation among others, contrasted with E.P. Sanders. Funk/Jesus Seminar not found."
jesus-seminar,Jesus,https://en.wikipedia.org/wiki/Jesus,true,,,"Funk/Jesus Seminar appear only as a citation anchor in the 'Authorship, date, and reliability' section. No substantive in-text discussion of the Seminar's conclusions; Crossan/Borg not found by name."
jesus-seminar,Gospel of Mark,https://en.wikipedia.org/wiki/Gospel_of_Mark,true,,,"Jesus Seminar named once in 'Comparison with other writings' as holding the view that Mark's apocalyptic language is a later invention — framed explicitly as 'other scholars, like those of the Jesus Seminar,' i.e. one view among several."
jesus-seminar,Gospel of John,https://en.wikipedia.org/wiki/Gospel_of_John,true,,,"Jesus Seminar named twice; once with the pointed claim 'The Jesus Seminar rated this account as black, containing no historically accurate information.' Stated fairly baldly but explicitly attributed to the Seminar's own rating system rather than adopted as the article's voice — borderline case."
jesus-seminar,Nativity of Jesus,https://en.wikipedia.org/wiki/Nativity_of_Jesus,false,,,"No mention of Funk, Crossan, Borg, or Jesus Seminar anywhere in the article."
jesus-seminar,Saint Joseph,https://en.wikipedia.org/wiki/Saint_Joseph,true,,,"Robert Funk appears only in a References footnote citing 'Funk, Robert W. and the Jesus Seminar, The Acts of Jesus' — pure bibliography entry with zero in-text discussion or framing."
jesus-seminar,Chronology of Jesus,https://en.wikipedia.org/wiki/Chronology_of_Jesus,false,,,"No mention of Funk, Crossan, Borg, or Jesus Seminar anywhere in the article."
jesus-seminar,"James, brother of Jesus",https://en.wikipedia.org/wiki/James%2C_brother_of_Jesus,true,,,"Crossan cited once regarding James's likely status as an older brother, explicitly presented as one scholarly interpretation among several competing views."
jesus-seminar,Census of Quirinius,https://en.wikipedia.org/wiki/Census_of_Quirinius,true,,,Funk & Jesus Seminar appear only in a References footnote ('The Acts of Jesus') — bibliographic citation with no substantive in-text framing.
jesus-seminar,Nazareth,https://en.wikipedia.org/wiki/Nazareth,false,,,"No mention of Funk, Crossan, Borg, or Jesus Seminar anywhere in the article."
jesus-seminar,Crucifixion of Jesus,https://en.wikipedia.org/wiki/Crucifixion_of_Jesus,false,,,"No mention of Funk, Crossan, Borg, or Jesus Seminar anywhere in the article."
jesus-seminar,Parable of the Good Samaritan,https://en.wikipedia.org/wiki/Parable_of_the_Good_Samaritan,true,,,"Funk cited suggesting listeners identify with the robbed man. The 'Authenticity' section reports the Jesus Seminar's voting results (60% red/29% pink) matter-of-factly, closer to 'settled data point' than 'one contested view.'"
jesus-seminar,Date of the birth of Jesus,https://en.wikipedia.org/wiki/Date_of_the_birth_of_Jesus,true,,,"Funk & Jesus Seminar quoted in a Notes footnote, grouped alongside Marcus Borg holding a similar skeptical position. Moderately integrated into the reasoning but still framed as one strand of skeptical scholarship."
jesus-seminar,John the Baptist,https://en.wikipedia.org/wiki/John_the_Baptist,true,,,"Crossan cited once with the line 'John had a monopoly, but Jesus had a franchise,' presented as scholarly interpretation, not fact."
jesus-seminar,Sources for the historicity of Jesus,https://en.wikipedia.org/wiki/Sources_for_the_historicity_of_Jesus,true,,,"Crossan quoted: 'That he was crucified is as sure as anything historical can ever be...' — presented as settled historical certainty (worst-case framing pattern), though the underlying claim is itself mainstream consensus."
jesus-seminar,Cleansing of the Temple,https://en.wikipedia.org/wiki/Cleansing_of_the_Temple,true,,,"Funk, Crossan, and the Jesus Seminar all appear together, each explicitly framed as interpretive disagreement among scholars, not settled narrative fact."
jesus-seminar,Biblical Magi,https://en.wikipedia.org/wiki/Biblical_Magi,false,,,"No mention of Funk, Crossan, Borg, or Jesus Seminar anywhere in the article."
jesus-seminar,Anointing of Jesus,https://en.wikipedia.org/wiki/Anointing_of_Jesus,false,,,"No mention of Funk, Crossan, Borg, or Jesus Seminar anywhere in the article."
jesus-seminar,Farewell Discourse,https://en.wikipedia.org/wiki/Farewell_Discourse,true,,,"Funk cited via bibliography supporting non-authenticity view; Jesus Seminar named twice, all confined to a dedicated 'Historicity' section and explicitly labeled as one scholarly perspective — well-quarantined example."
jesus-seminar,Baptism of Jesus,https://en.wikipedia.org/wiki/Baptism_of_Jesus,false,,,"No mention of Funk, Crossan, Borg, or Jesus Seminar anywhere in the article, despite extensive discussion of historical-Jesus scholarship."
secular-materialist,Calming the storm,https://en.wikipedia.org/wiki/Calming_the_storm,false,,,"No naturalistic explanation present anywhere. 'Analysis' section only explains why storms occur naturally on the Sea of Galilee (geographic context for why a storm arose), not an alternative explanation for the miracle itself; rest is theological commentary."
secular-materialist,Jesus walking on water,https://en.wikipedia.org/wiki/Jesus_walking_on_water,false,,,"Naturalistic content is present (Schweitzer's 'misperception' theory re wind/darkness, Bultmann on cross-cultural sea-walking motifs, 'pious legend') but confined entirely to 'Interpretations > Historical-critical analysis', clearly separated from the 'Biblical narratives' section which presents the Gospel text plainly."
secular-materialist,Feeding the multitude,https://en.wikipedia.org/wiki/Feeding_the_multitude,false,,,No naturalistic explanation (e.g. shared hidden food) appears. 'Analysis'/'Interpretation' sections contain only textual comparison and devotional commentary.
secular-materialist,Miracles of Jesus,https://en.wikipedia.org/wiki/Miracles_of_Jesus,false,,,"Naturalistic material is substantial (Jesus Seminar 'psychosomatic maladies', Casey 'naturalistic causes and placebo effects', Hume, Will Durant on suggestion/impressionable souls) but is confined to distinct 'Nonreligious views' and 'Scholarly views' sections, separate from the main narrative sections, which are presented straightforwardly."
secular-materialist,Miraculous catch of fish,https://en.wikipedia.org/wiki/Miraculous_catch_of_fish,false,,,"A 2024 seiche/fish-kill scientific theory is present but confined to 'Interpretations > Proposed scientific explanation' subsection, clearly separate from the main account section."
secular-materialist,Raising of Jairus' daughter,https://en.wikipedia.org/wiki/Raising_of_Jairus%27_daughter,false,,,No naturalistic/legendary-development material at all; 'Interpretations' section covers only theological/literary themes.
secular-materialist,Cursing of the fig tree,https://en.wikipedia.org/wiki/Cursing_of_the_fig_tree,true,,,"Symbolic/critical readings (the episode framed as symbolic commentary rather than literal event, plus Bertrand Russell's secular critique disputing Jesus's conduct in the story) are woven directly into the main commentary/narrative discussion with no separate 'Criticism' or 'Interpretation' heading isolating them from the account."
secular-materialist,Coin in the fish's mouth,https://en.wikipedia.org/wiki/Coin_in_the_fish%27s_mouth,false,,,No naturalistic explanation; 'Analysis' section is purely symbolic/theological.
secular-materialist,Healing the man blind from birth,https://en.wikipedia.org/wiki/Healing_the_man_blind_from_birth,false,,,No naturalistic/medical alternative explanation; 'Interpretations' section covers Genesis parallels and prophecy themes only.
secular-materialist,Healing the paralytic at Bethesda,https://en.wikipedia.org/wiki/Healing_the_paralytic_at_Bethesda,false,,,"'Relation to pagan healing' section discusses the text's rhetorical polemic against Asclepius worship, not a naturalistic explanation of the healing itself. No skeptical/critical section exists."
secular-materialist,Cleansing ten lepers,https://en.wikipedia.org/wiki/Cleansing_ten_lepers,false,,,Narrative and Analysis sections are both purely devotional/theological; no naturalistic content.
secular-materialist,Raising of the son of the widow of Nain,https://en.wikipedia.org/wiki/Raising_of_the_son_of_the_widow_of_Nain,false,,,No mistaken-death/coma/legendary-development theories present; Interpretation section only draws Old Testament parallels.
secular-materialist,Young man from Nain,https://en.wikipedia.org/wiki/Young_man_from_Nain,false,,,No naturalistic content; interpretation section draws Elijah/Elisha parallels and theological significance only.
secular-materialist,Healing the deaf mute of Decapolis,https://en.wikipedia.org/wiki/Healing_the_deaf_mute_of_Decapolis,false,,,No naturalistic explanation; Analysis section covers messianic-secret/Isaiah literary themes only.
secular-materialist,Jesus healing the bleeding woman,https://en.wikipedia.org/wiki/Jesus_healing_the_bleeding_woman,false,,,"Article notes the woman's condition 'is not clear in terms of a modern medical diagnosis' but this is diagnostic ambiguity, not an asserted naturalistic/psychosomatic mechanism replacing the miracle; Commentary section is otherwise theological."
secular-materialist,Healing of the centurion's servant,https://en.wikipedia.org/wiki/Healing_of_the_centurion%27s_servant,false,,,"Interpretations section covers linguistic/Gnostic/homosexual-reading debates, none of which propose a naturalistic explanation for the healing itself."
secular-materialist,Blind man of Bethsaida,https://en.wikipedia.org/wiki/Blind_man_of_Bethsaida,false,,,"No naturalistic content; supporting interpretation discusses 'criterion of embarrassment' authenticity argument and Bede's allegory, both non-materialist."
secular-materialist,Healing a man with dropsy,https://en.wikipedia.org/wiki/Healing_a_man_with_dropsy,false,,,"Commentary section is purely theological (Cornelius a Lapide, Theophylact); no naturalistic or skeptical content anywhere."
secular-materialist,Malchus,https://en.wikipedia.org/wiki/Malchus,false,,,"No naturalistic explanation for the ear-healing; 'Other accounts' and 'Literature and arts' sections discuss lost-gospel citations and fictional/artistic treatments, not skeptical reinterpretation."
confessional-balance,Crucifixion of Jesus,https://en.wikipedia.org/wiki/Crucifixion_of_Jesus,true,,,"Critical scholars Ehrman, Lüdemann, and Fredriksen are cited substantively in the body 'Historicity' section. Craig Blomberg and Craig Evans appear ONLY in the References/citation apparatus, never in body/interpretation text — no Evangelical counter-voice actually engages the analysis. Signal fires."
confessional-balance,Jesus and the woman taken in adultery,https://en.wikipedia.org/wiki/Jesus_and_the_woman_taken_in_adultery,true,,,"Bart Ehrman is cited in the body 'Arguments against Johannine authorship' section. The only counter-voices present (Wallace, Metzger, Beasley-Murray, Westcott, Burge) are NOT on the specified Evangelical list — none of the 13 listed names appear anywhere. Signal fires."
confessional-balance,Saint Peter,https://en.wikipedia.org/wiki/Saint_Peter,true,,,"Critical scholars Gerd Lüdemann and Elaine Pagels appear in body/interpretation sections on Peter's leadership and role. None of the 13 listed Evangelical scholars appear anywhere in the article, body or references. Signal fires."
confessional-balance,Judas Iscariot,https://en.wikipedia.org/wiki/Judas_Iscariot,true,,,Bart Ehrman is cited multiple times in substantive body sections. None of the 13 listed Evangelical scholars appear anywhere in the article. Signal fires: critical scholar extensively cited with zero Evangelical counter-voice.
confessional-balance,Historicity of the Gospels,https://en.wikipedia.org/wiki/Historicity_of_the_Gospels,false,,,"Critical scholars present in body/interpretation sections, but so are Evangelical scholars (Evans, Keener, Bauckham, Blomberg, Marshall, F.F. Bruce), also in substantive body discussion. Balanced — signal does not fire."
confessional-balance,Sources for the historicity of Jesus,https://en.wikipedia.org/wiki/Sources_for_the_historicity_of_Jesus,false,,,"Ehrman and Casey are cited in body/analysis sections. Evangelical scholars Evans, Bauckham, Keener, and Blomberg also appear in substantive body sections analyzing the same source categories. Balanced — signal does not fire, though the two camps address slightly different specific sources."
confessional-balance,Josephus on Jesus,https://en.wikipedia.org/wiki/Josephus_on_Jesus,false,,,Ehrman is cited once in the body 'Arguments from silence' section. Evangelical scholars Craig Evans and Craig Blomberg appear extensively and repeatedly in body/interpretation sections on the Testimonium's authenticity. Balanced — signal does not fire.
confessional-balance,Resurrection of Jesus,https://en.wikipedia.org/wiki/Resurrection_of_Jesus,false,,,"Critical scholars cited extensively across Burial/Empty tomb/Significance sections. N.T. Wright receives substantial, direct counter-treatment in the same Empty tomb section, plus Evans, Licona, and Blomberg appear in body text. Balanced overall — signal does not fire, though a section-level check could flag the Burial subsection specifically."
confessional-balance,Miracles of Jesus,https://en.wikipedia.org/wiki/Miracles_of_Jesus,false,,,"Ehrman and Casey are cited in the 'Scholarly views' body section. Blomberg, Keener, and Licona all appear in body/interpretation sections. Balanced — signal does not fire."
confessional-balance,Oral gospel traditions,https://en.wikipedia.org/wiki/Oral_gospel_traditions,false,,,"Ehrman and Casey are cited in body sections on oral transmission reliability. N.T. Wright and Richard Bauckham appear in the same discussion, with the article explicitly noting Bauckham 'publicly debating' Ehrman on this subject. Balanced — signal does not fire."
confessional-balance,Cleansing of the Temple,https://en.wikipedia.org/wiki/Cleansing_of_the_Temple,false,,,"Ehrman and Casey each appear once in body sections. Witherington, Keener, and Carson appear repeatedly across multiple body/analysis sections on the same topics. Balanced (if anything skewed toward Evangelical) — signal does not fire."
confessional-balance,Triumphal entry into Jerusalem,https://en.wikipedia.org/wiki/Triumphal_entry_into_Jerusalem,false,,,"Ehrman, Fredriksen, and Casey are cited extensively. N.T. Wright appears in a separate 'Religious significance' interpretation section discussing the donkey's symbolic meaning. Counts as balanced under the signal definition as written — signal does not fire, though a stricter same-section check would likely flag this as unbalanced (borderline)."
confessional-balance,Mary Magdalene,https://en.wikipedia.org/wiki/Mary_Magdalene,false,,,"Ehrman and Casey (plus Sanders) are cited extensively. N.T. Wright appears once in the Resurrection section directly addressing the same empty-tomb question. Technically balanced per the definition, though weighted heavily toward critical scholarship — signal does not fire, but this is a thin/borderline case worth noting."
confessional-balance,John the Apostle,https://en.wikipedia.org/wiki/John_the_Apostle,false,,,"Ehrman is cited in the body authorship section. F.F. Bruce also appears in the same authorship discussion section, arguing the opposite. Balanced — signal does not fire."
confessional-balance,Chronology of Jesus,https://en.wikipedia.org/wiki/Chronology_of_Jesus,false,,,No critical scholar from the specified list appears anywhere in the article. Signal does not apply — no critical scholar cited at all.
confessional-balance,Pilate's court,https://en.wikipedia.org/wiki/Pilate%27s_court,false,,,No critical scholar from the specified list appears anywhere in the article; only Shimon Gibson and ancient sources are cited. Signal does not apply.
confessional-balance,John the Baptist,https://en.wikipedia.org/wiki/John_the_Baptist,false,,,"No critical or Evangelical scholar from either specified list appears anywhere; the article cites Raymond E. Brown, Geza Vermes, and John Dominic Crossan instead. Signal does not apply."
literary-analysis,Gospel of Mark,https://en.wikipedia.org/wiki/Gospel_of_Mark,true,upper,,"Strong, substantial literary-critical content: genre analysis (gospels as bios/ancient biography), a dedicated Structure section discussing R.T. France's three-act drama reading, a four-act chiastic scheme, and Stephen H. Smith's comparison of Mark's structure to Greek tragedy."
literary-analysis,Gospel of Luke,https://en.wikipedia.org/wiki/Gospel_of_Luke,true,upper,,"Substantial Structure and Content discussion: eight-part narrative arc from Galilee to Jerusalem, structural parallelism between Luke and Acts, comparison of Luke's compositional method to Plutarch, and discussion of the self-conscious literary preface."
literary-analysis,Gospel of Matthew,https://en.wikipedia.org/wiki/Gospel_of_Matthew,true,upper,,"Real but thinner engagement than Mark/Luke: describes alternating narrative/discourse blocks, Davies and Allison's observation of triads, and an explicit eleven-section chiastic arrangement (1,2,3,4,5,C,5',4',3',2',1'). Descriptive rather than deeply analytic, but genuinely structural/rhetorical, not just historical."
literary-analysis,Jesus preaches in a ship,https://en.wikipedia.org/wiki/Jesus_preaches_in_a_ship,true,upper,,"Has a dedicated 'Literary Structure' section: Witherington's narrative-criticism reading of the boat-pulpit scene as a structural turning point, Kenneth Bailey's seven-scene inverted-parallelism (chiastic) analysis of Luke's version, and Bailey's intertextual claim of deliberate verbal links to the call of Isaiah. Genuinely rich literary-critical content despite being a 'teaching' rather than core parable/bible-book article."
literary-analysis,Temptation of Christ,https://en.wikipedia.org/wiki/Temptation_of_Christ,true,upper,,"Dedicated 'Literary Genre' section debating history/parable/myth/compound-genre classification, plus a real intertextual analysis of how Matthew reorders three Deuteronomy citations to match Israel's wilderness trial sequence, and comparison of Matthew's vs Luke's narrative geography."
literary-analysis,Jesus and the woman taken in adultery,https://en.wikipedia.org/wiki/Jesus_and_the_woman_taken_in_adultery,false,,,"Focuses on textual criticism (manuscript authenticity), authorship debate, and theological interpretation. A stray mention of 'stylistic characteristics atypical of John' is about authorship attribution, not literary-critical analysis."
literary-analysis,Lord's Prayer,https://en.wikipedia.org/wiki/Lord%27s_Prayer,false,,,"Extensive textual-variant, translation, and theological/devotional discussion (Augustine's commentary on petitions), but no literary-critical examination of compositional structure, rhetoric, or genre."
literary-analysis,Gospel of John,https://en.wikipedia.org/wiki/Gospel_of_John,false,,,"Only a single descriptive sentence noting the schematic sevenfold pattern of signs and 'I am' sayings; this is enumeration, not sustained literary-critical analysis. Rest of article is authorship/dating/theology."
literary-analysis,Turning the other cheek,https://en.wikipedia.org/wiki/Turning_the_other_cheek,false,,,"Discusses Greek grammar/word meaning (linguistic/exegetical), historical and cultural background, and ethical interpretation — no rhetorical, genre, or structural literary analysis."
literary-analysis,Rich man and Lazarus,https://en.wikipedia.org/wiki/Rich_man_and_Lazarus,false,,,"One brief line noting shared language/content with other parables (reversal of fortunes, antithesis) but no sustained literary-critical treatment; dominated by theological/doctrinal interpretation."
literary-analysis,Parable of the Good Samaritan,https://en.wikipedia.org/wiki/Parable_of_the_Good_Samaritan,false,,,"One sentence on Greek word placement for rhetorical shock value in the Authenticity section; otherwise historical context, allegorical/ethical theology, and cultural impact dominate — not substantial literary analysis."
literary-analysis,Sermon on the Mount,https://en.wikipedia.org/wiki/Sermon_on_the_Mount,false,,,"Theological-structure subsection lists competing scholarly framings (Beatitudes-centered, Lord's-Prayer-centered, chiastic) but gives no actual analysis of any of them — a name-check of 'chiastic' without demonstrating it, not genuine literary engagement."
literary-analysis,Thirty pieces of silver,https://en.wikipedia.org/wiki/Thirty_pieces_of_silver,false,,,"Has a 'Literary references' section but it catalogues later reception (Blake poem, Borges) rather than analyzing the biblical text; a typology/intertextual note (Jeremiah/Zechariah parallels) is brief and secondary to historical/theological framing."
literary-analysis,Disciple whom Jesus loved,https://en.wikipedia.org/wiki/Disciple_whom_Jesus_loved,false,,,"Dominated by historical identity debate and source criticism; the only 'literary' adjacent content is about artistic/visual portrayal, not narrative or rhetorical analysis of the text."
literary-analysis,Parable of the Prodigal Son,https://en.wikipedia.org/wiki/Parable_of_the_Prodigal_Son,false,,,"Interpretation section is religious/theological (Catholic/Orthodox readings); brief unelaborated mentions of biblical allusions (Cain and Abel, Proverbs) without sustained literary analysis."
literary-analysis,Beatitudes,https://en.wikipedia.org/wiki/Beatitudes,false,,,"Analysis and interpretation section is doctrinal/philosophical; no examination of narrative structure, rhetorical devices, or literary form despite the section title suggesting analysis."
literary-analysis,Olivet Discourse,https://en.wikipedia.org/wiki/Olivet_Discourse,false,,,"Entirely organized around eschatological interpretive frameworks (preterism, futurism, historicism, idealism) and historical/geographical setting — no narratological, rhetorical, or structural literary analysis."
literary-analysis,Parable of the Wicked Husbandmen,https://en.wikipedia.org/wiki/Parable_of_the_Wicked_Husbandmen,false,,,"One line noting the vineyard imagery derives from Isaiah 5 as a common metaphor, but this is a passing intertextual note, not sustained narrative/rhetorical/genre analysis; rest is theological/historical."
gnostic-over-emphasis,Gospel of John,https://en.wikipedia.org/wiki/Gospel_of_John,false,,,"Has a dedicated 'Gnosticism' section, but it discusses whether the Gospel itself was influenced by 2nd-century Gnostic thought — concludes 'most scholars consider the Gnosticism question closed' and that Gnosticism postdates the Gospel. Historiographic note, not evidentiary use of Gnostic material for claims about the historical Jesus."
gnostic-over-emphasis,Judas Iscariot,https://en.wikipedia.org/wiki/Judas_Iscariot,true,lower,,"Mentions the Gospel of Judas and a 'Cainites' subsection on Gnostic sects' theological interpretation of Judas, but explicitly states 'consensus amongst scholars that this text contains no historical information' and notes it was denounced as heresy. Contextualized, not privileged — mild/lower."
gnostic-over-emphasis,Mary Magdalene,https://en.wikipedia.org/wiki/Mary_Magdalene,true,upper,,"Dedicated 'Portrayal in Gnostic writings' section with multiple named-text subsections (Dialogue of the Saviour, Pistis Sophia, Gospel of Thomas, Gospel of Philip, Gospel of Mary, Borborite scriptures) and extended direct quotations totaling roughly 3000+ words — comparable or greater space than much canonical material. Despite a closing disclaimer that these are late/unreliable, the sheer volume and quoted voice let the Gnostic material carry substantial interpretive weight. Genuine over-emphasis case."
gnostic-over-emphasis,Disciple whom Jesus loved,https://en.wikipedia.org/wiki/Disciple_whom_Jesus_loved,true,lower,,"Gospel of Mary and Gospel of Philip passages are used as corroborating evidence for the Mary-Magdalene-as-beloved-disciple theory, i.e. actually used evidentially, not merely reported — but the article itself notes the stronger objection comes from canonical evidence, so Gnostic material is secondary support, not the interpretive anchor. Lower tier."
gnostic-over-emphasis,John the Apostle,https://en.wikipedia.org/wiki/John_the_Apostle,false,,,"Single line noting the docetic Acts of John 'is not considered in modern scholarship to be Gnostic.' Peripheral, excludes Gnostic classification rather than relying on it."
gnostic-over-emphasis,Sources for the historicity of Jesus,https://en.wikipedia.org/wiki/Sources_for_the_historicity_of_Jesus,false,,,"No Gnostic texts (Gospel of Thomas, Gospel of Judas, Nag Hammadi) appear in the main sources discussion at all; focus is Josephus, Tacitus, Pauline epistles, canonical gospels, Church Fathers."
gnostic-over-emphasis,Philip the Apostle,https://en.wikipedia.org/wiki/Philip_the_Apostle,true,lower,,"Gospel of Philip and Letter from Peter to Philip (both Nag Hammadi) get a separate 'Apocryphal writings' section; one speculative interpretive claim (Philip's 'sole missionary enterprise') is drawn from the Letter, but this is not integrated into the main historical narrative. Minor/lower."
gnostic-over-emphasis,Salome (disciple),https://en.wikipedia.org/wiki/Salome_(disciple),true,lower,,"Gospel of Thomas dialogues are quoted and used to illustrate traditions about Salome (childlessness, teacher role), kept in a separate non-canonical section, with canonical gospels emphasized as the main historical source. Some evidentiary use, but secondary — lower tier."
gnostic-over-emphasis,"James, brother of Jesus",https://en.wikipedia.org/wiki/James%2C_brother_of_Jesus,true,lower,,"Multiple Gnostic/pseudepigraphal texts (First/Second Apocalypse of James, Apocryphon of James, Gospel of Thomas) are discussed in an 'Early Christian apocrypha' subsection, illustrating theological perspectives, but kept distinct from and subordinate to Josephus/canonical evidence for historical claims. Lower tier."
gnostic-over-emphasis,Saint Peter,https://en.wikipedia.org/wiki/Saint_Peter,false,,,"Apocryphal Petrine texts are named only to be dismissed: 'late pseudepigrapha with little historical value.' Cited to show what is NOT reliable, i.e. anti-privileging."
gnostic-over-emphasis,Resurrection of Jesus,https://en.wikipedia.org/wiki/Resurrection_of_Jesus,false,,,"Single sentence: 'Gnosticism holds that only the soul is resurrected.' No texts cited, no interpretive weight; article's real space goes to Jewish eschatology, Greco-Roman apotheosis, empty-tomb debates."
gnostic-over-emphasis,Crucifixion of Jesus,https://en.wikipedia.org/wiki/Crucifixion_of_Jesus,false,,,"Brief, repeated one-line note that 'some early Christian Gnostic sects...denied that he was crucified,' immediately countered by Ignatius. Peripheral, documents a denial position rather than using Gnostic material as evidence."
gnostic-over-emphasis,Martha,https://en.wikipedia.org/wiki/Martha,true,lower,,"One short subsection describing Martha's role in the Pistis Sophia, presented as an 'alternative theological perspective' occupying minimal space relative to the rest of the article. Lower tier."
gnostic-over-emphasis,Sermon on the Mount,https://en.wikipedia.org/wiki/Sermon_on_the_Mount,false,,,"'Nag Hammadi' appears only inside a bibliographic reference title in a footnote, not discussed in article prose at all."
gnostic-over-emphasis,Lord's Prayer,https://en.wikipedia.org/wiki/Lord%27s_Prayer,false,,,"No mention of Gnosticism, Gnostic gospels, or Nag Hammadi anywhere in the article."
gnostic-over-emphasis,Brothers of Jesus,https://en.wikipedia.org/wiki/Brothers_of_Jesus,false,,,"Apocryphal sources discussed (Protoevangelium of James, Gospel of Philip, Gospel of Peter, etc.) are treated as generic early-Christian apocrypha; no Gnostic framing or terminology used."
gnostic-over-emphasis,John the Baptist,https://en.wikipedia.org/wiki/John_the_Baptist,true,lower,,"Has a brief 'Syrian-Egyptian Gnosticism' subsection (Ebionite dietary tradition, an amended Gospel of Matthew reading) plus separate, more substantial Mandaean material — but Mandaeism is a living religious tradition, not really 'Gnostic-over-emphasis' in the target sense, and the Gnostic-specific content itself is minor. Lower tier."
gnostic-over-emphasis,Gospel of Luke,https://en.wikipedia.org/wiki/Gospel_of_Luke,false,,,"No mention of Gnosticism, Gnostic gospels, or Nag Hammadi anywhere in the article."
balanced-debate,Al-Eizariya (Bethany),https://en.wikipedia.org/wiki/Al-Eizariya,true,,,"Moved from negative-controls set on 2026-08-04 (article added to ranked-255 after original labelling). Original reason: Contains strong old-detector bait: 'the subject of much scholarship and debate' and 'not without challengers.' However the debate is about toponymy/etymology and site-identification archaeology, not about interpreting Jesus's life, teachings, or early Christian sources — falls outside the family's subject matter despite matching the surface pattern."
balanced-debate,I am (biblical term),https://en.wikipedia.org/wiki/I_am_(biblical_term),true,,,"Moved from negative-controls set on 2026-08-04 (article added to ranked-255 after original labelling). Original reason: Only hedge-style language in the whole article is 'It has been suggested that' regarding the Tetragrammaton's etymology — a soft unattributed claim of exactly the 'some argue' red-flag type, with no named scholar, no counter-argument, and no opposing view offered anywhere else in the article."
anti-supernatural,Resurrection,https://en.wikipedia.org/wiki/Resurrection,true,,,"Moved from negative-controls set on 2026-08-04 (article added to ranked-255 after original labelling). Original reason: Contains 'mythological' (re: Justin Martyr's account of how early Christians explained pagan resurrection parallels) and 'skepticism' (re: cryonics being viewed skeptically by mainstream science) — both keyword hits an old detector would trip on, but neither is about Jesus's resurrection specifically, and the comparative-religion treatment of resurrection beliefs across traditions (Christianity, Islam, Judaism, Hinduism, Buddhism) is symmetric and non-dismissive. No structural bias against the Christian resurrection claim."
