ranking,title,net_score,verse_count,ref_count,journal_hits,book_hits,commentary_hits,arch_site,manuscript_hits,primary_source_quotes,poor_referencing,wiki_quality,ancient_historian_hits,ante_nicene_hits,mythicist_hits,data_interp_tier,data_interp_split_contribution,data_interp_pending,jesus_seminar_hits,jesus_seminar_mult,jesus_seminar_contribution,mythicist_mult,mythicist_contribution,no_bible_verse,ot_nt_criticism_contribution,supernatural_criticism_contribution,secular_materialist_contribution,literary_analysis_contribution,gnostic_over_emphasis_contribution,confessional_balance_contribution,balanced_debate_contribution,jewish_context_hits,other_religion_hit,balanced_debate_hits,balanced_debate_named,critical_scholar_hits,critical_outside_interp,evangelical_contrast,maps_diagrams_count,has_picture_wide,has_picture_narrow,has_diagram_or_map,is_passion,is_miracle,is_parable,is_location,is_teaching,is_bible_book
1,Gospel of Luke,55,16,113,1,46,5,False,4,28,False,False,2,3,0,clear_split,10,False,0,1.0,0,1.0,0,False,0,0,0,6,-2,-1,0,3,False,0,0,1,False,False,0,True,True,False,False,False,False,False,False,True
2,Chronology of Jesus,51,37,202,15,119,10,True,1,44,False,False,3,6,0,clear_split,10,False,0,1.0,0,1.0,0,False,0,0,0,0,0,0,0,7,True,0,0,0,False,True,1,True,True,True,False,False,False,False,False,False
3,Gospel of Mark,51,43,165,8,38,5,True,2,52,True,False,3,1,0,clear_split,10,False,1,0.5,-3,1.0,0,False,0,0,0,6,0,0,0,8,False,0,0,0,False,True,0,True,True,False,False,False,False,False,False,True
4,Saint Joseph,51,16,141,4,39,1,True,0,49,False,False,1,3,0,clear_split,10,False,0,1.0,0,1.0,0,False,0,0,0,0,0,0,0,5,False,0,0,0,False,False,0,True,True,False,False,False,False,True,False,False
5,Nativity of Jesus,50,28,205,2,145,6,True,2,54,False,False,0,5,0,clear_split,10,False,0,1.0,0,1.0,0,False,0,0,0,4,0,0,0,2,True,0,0,0,False,False,2,True,True,True,False,False,False,False,False,False
6,Gospel of John,49,11,198,4,51,6,True,2,69,False,True,0,3,0,clear_split,10,False,1,0.5,-3,1.0,0,False,0,0,0,6,-2,0,0,6,False,0,0,0,False,True,0,True,True,False,False,False,False,False,False,True
7,Pontius Pilate,49,15,301,0,6,1,True,1,61,False,False,3,5,0,clear_split,10,False,0,1.0,0,1.0,0,False,0,0,0,0,0,-3,0,5,False,0,0,2,True,True,1,True,True,True,False,False,False,False,False,False
8,Gospel of Matthew,48,21,121,4,46,5,False,1,25,False,False,1,4,0,clear_split,10,False,0,1.0,0,1.0,0,False,0,0,0,6,0,0,0,6,True,0,0,0,False,True,0,True,True,False,False,False,False,False,False,True
9,Jesus and the woman taken in adultery,48,19,68,6,19,3,False,4,59,False,False,0,5,0,clear_split,10,False,0,1.0,0,1.0,0,False,0,0,0,0,0,-3,0,2,False,0,0,1,True,False,0,True,True,False,False,False,False,False,True,False
10,Josephus on Jesus,48,6,175,5,39,3,True,1,70,False,False,4,3,0,clear_split,10,False,0,1.0,0,1.0,0,False,0,0,0,0,0,0,0,4,True,0,0,2,False,True,0,True,True,False,False,False,False,False,False,False
11,Crucifixion of Jesus,45,16,285,8,107,3,True,1,100,False,False,5,6,0,clear_split,10,False,0,1.0,0,1.0,0,False,0,0,0,0,-2,-3,0,2,True,0,0,2,True,True,2,True,True,True,True,False,False,False,False,False
12,"James, brother of Jesus",45,31,135,2,33,4,True,1,118,True,False,1,7,0,clear_split,10,False,1,1.0,-5,1.0,0,False,0,0,0,0,-2,0,0,5,False,0,0,0,False,False,0,True,True,False,False,False,False,True,False,False
13,Mary Magdalene,44,29,334,1,16,0,True,1,143,True,True,1,3,0,clear_split,10,False,0,1.0,0,1.0,0,False,0,0,0,0,-2,-3,0,3,True,0,0,11,True,True,0,True,True,False,False,False,False,True,False,False
14,Temptation of Christ,44,16,67,4,11,7,False,1,44,True,False,0,1,0,clear_split,10,False,0,1.0,0,1.0,0,False,0,0,0,6,0,0,0,1,True,0,0,0,False,True,0,True,True,False,False,False,False,False,True,False
15,Names and titles of Jesus in the New Testament,43,123,148,0,120,5,True,1,96,True,False,1,1,0,clear_split,10,False,0,1.0,0,1.0,0,False,0,0,0,0,0,0,0,3,True,0,0,0,False,False,0,True,True,False,False,False,False,False,True,False
16,Sources for the historicity of Jesus,43,24,225,4,172,3,True,1,69,False,False,8,3,0,clear_split,10,False,1,0.5,-3,1.0,0,False,0,0,0,0,-2,0,0,5,True,0,0,5,False,True,0,True,True,False,False,False,False,False,False,False
17,Parable of the Talents,42,13,32,0,12,3,False,1,28,False,False,1,1,0,clear_split,10,False,0,1.0,0,1.0,0,False,0,0,0,6,0,0,0,1,True,0,0,0,False,False,0,True,True,False,False,False,True,False,False,False
18,Saint Peter,42,16,332,6,58,11,True,1,176,True,False,3,10,1,clear_split,10,False,0,1.0,0,0.5,-3,False,-3,0,0,0,-2,-3,0,4,True,0,0,1,True,True,0,True,True,False,False,False,False,True,False,False
19,Sermon on the Mount,42,15,43,3,20,0,True,1,15,True,False,2,0,0,clear_split,10,False,0,1.0,0,1.0,0,False,0,0,0,6,-2,0,0,2,True,0,0,0,False,True,0,True,True,False,False,False,False,False,True,False
20,Rich man and Lazarus,41,5,79,1,13,4,False,1,54,True,False,1,3,0,one_sided,0,False,0,1.0,0,1.0,0,False,0,0,0,6,0,0,0,3,True,0,0,0,False,True,0,True,True,False,False,False,True,False,False,False
21,Thomas the Apostle,41,5,108,1,3,0,True,1,60,True,False,0,3,0,clear_split,10,False,0,1.0,0,1.0,0,False,0,0,0,0,-2,0,0,0,True,0,0,0,False,False,1,True,True,True,False,False,False,True,False,False
22,Al-Maghtas,40,6,48,4,9,2,True,1,33,False,False,0,2,0,unclassifiable,0,False,0,1.0,0,1.0,0,False,0,0,0,0,0,0,0,4,True,0,0,0,False,False,2,True,True,True,False,False,False,True,False,False
23,Historicity of the Gospels,40,2,260,14,107,9,True,1,71,True,False,3,3,0,clear_split,10,False,0,1.0,0,1.0,0,False,0,0,0,6,-2,-3,0,2,True,0,0,7,True,True,0,True,True,False,False,False,False,False,False,True
24,Al-Eizariya (Bethany),39,19,78,3,3,0,True,1,27,False,False,1,1,0,unclassifiable,0,False,0,1.0,0,1.0,0,False,0,0,0,0,0,0,0,6,True,0,0,0,False,False,1,True,True,True,False,False,False,True,False,False
25,Bethany,39,19,78,3,3,0,True,1,27,False,False,1,1,0,one_sided,0,False,0,1.0,0,1.0,0,False,0,0,0,0,0,0,0,6,True,0,0,0,False,False,1,True,True,True,False,False,False,True,False,False
26,Brothers of Jesus,39,17,86,0,13,1,True,1,41,False,False,1,4,0,clear_split,10,False,0,1.0,0,1.0,0,False,0,0,0,0,-2,0,0,1,False,0,0,0,False,True,0,True,True,False,False,False,False,False,False,False
27,Cana,39,3,25,2,5,0,True,1,8,True,False,1,1,0,one_sided,0,False,0,1.0,0,1.0,0,False,0,0,0,4,0,0,0,1,False,0,0,0,False,False,2,True,True,True,False,False,False,True,False,False
28,Genealogy of Jesus,39,6,123,4,27,12,False,1,55,True,False,1,7,0,clear_split,10,False,2,0.5,-5,1.0,0,False,0,0,0,0,0,0,0,7,True,0,0,0,False,True,1,True,True,True,False,False,False,False,False,False
29,Ministry of Jesus,39,57,119,0,106,11,True,0,26,False,False,1,0,0,clear_split,10,False,0,1.0,0,1.0,0,False,0,0,0,4,0,0,0,2,True,0,0,0,False,False,1,True,True,True,False,False,False,False,False,False
30,Olivet Discourse,39,6,36,0,10,2,False,0,33,True,False,0,1,0,clear_split,10,False,0,1.0,0,1.0,0,False,0,0,0,6,0,0,0,1,False,0,0,0,False,False,0,True,True,False,False,False,False,False,True,False
31,Baptism of Jesus,38,17,81,0,52,7,True,0,19,False,False,3,2,0,clear_split,10,False,1,0.5,-3,1.0,0,False,0,0,0,0,0,0,0,1,True,0,0,0,False,False,1,True,True,True,False,False,False,False,False,False
32,Bethsaida,38,12,48,4,8,0,True,0,34,True,False,1,0,0,unclassifiable,0,False,0,1.0,0,1.0,0,False,0,0,0,0,0,0,0,3,False,0,0,0,False,False,2,True,True,True,False,False,False,True,False,False
33,"Mary, mother of Jesus",38,37,365,2,172,4,True,1,134,True,False,1,4,0,one_sided,0,False,0,1.0,0,1.0,0,False,0,0,0,0,0,-1,0,4,True,0,0,1,False,False,0,True,True,False,False,False,False,True,False,False
34,Parable of the Wicked Husbandmen,38,5,14,1,3,0,True,1,7,False,False,0,1,0,clear_split,10,False,0,1.0,0,1.0,0,False,0,0,0,6,-2,0,0,1,True,0,0,0,False,True,0,True,True,False,False,False,True,False,False,False
35,Emmaus,37,6,75,4,14,3,True,2,37,True,False,1,2,0,one_sided,0,False,0,1.0,0,1.0,0,False,-6,0,0,0,0,0,0,4,True,0,0,0,False,False,2,True,True,True,False,False,False,True,False,False
36,Herod the Great,37,11,125,12,18,0,True,1,48,True,False,1,0,0,clear_split,10,False,0,1.0,0,1.0,0,False,0,0,0,0,0,0,0,7,True,0,0,0,False,False,0,True,True,False,False,False,False,False,False,False
37,Jesus healing the bleeding woman,37,4,23,0,1,1,False,0,13,True,False,0,1,0,clear_split,10,False,0,1.0,0,1.0,0,False,0,0,0,4,0,0,0,4,False,0,0,0,False,False,0,True,True,False,False,True,False,False,False,False
38,Bethlehem,36,11,165,2,18,1,True,0,62,True,True,0,3,0,one_sided,0,False,0,1.0,0,1.0,0,False,0,0,0,0,0,0,0,1,True,0,0,0,False,False,2,True,True,True,False,False,False,True,False,False
39,John the Baptist,36,35,259,4,69,5,True,1,156,True,False,1,0,0,clear_split,10,False,2,0.5,-5,1.0,0,False,0,0,0,0,-2,0,0,6,True,0,0,0,False,False,0,True,True,False,False,False,False,True,False,False
40,Lord's Prayer,36,32,179,0,26,8,True,3,120,True,False,2,3,0,muddled,-5,False,0,1.0,0,1.0,0,False,0,0,0,0,-2,0,0,2,True,0,0,0,False,True,1,True,True,True,False,False,False,False,True,False
41,Bread of Life Discourse,35,7,16,0,7,3,False,0,17,False,False,0,3,0,one_sided,0,False,0,1.0,0,1.0,0,False,0,0,0,6,0,0,0,1,False,0,0,0,False,False,0,True,True,False,False,False,False,False,True,False
42,Jesus predicts his death,35,19,43,2,15,0,False,0,31,False,False,1,0,0,clear_split,10,False,0,1.0,0,1.0,0,False,0,-2,-2,4,-2,0,0,4,False,0,0,0,False,False,0,True,True,False,True,False,False,False,False,False
43,Joseph of Arimathea,35,7,42,1,14,1,True,0,35,False,False,1,4,0,one_sided,0,False,0,1.0,0,1.0,0,False,0,0,0,0,0,0,0,2,True,0,0,0,False,False,0,True,True,False,False,False,False,True,False,False
44,New Wine into Old Wineskins,35,7,12,0,6,4,False,0,6,False,False,0,0,0,clear_split,10,False,0,1.0,0,1.0,0,False,0,0,0,0,0,0,0,3,True,0,0,0,False,False,0,True,True,False,False,False,True,False,True,False
45,Parable of the Sower,35,8,10,0,0,3,False,0,21,False,False,0,0,0,clear_split,10,False,0,1.0,0,1.0,0,False,0,0,0,6,-2,0,0,1,False,0,0,0,False,False,0,True,True,False,False,False,True,False,False,False
46,Return of Jesus to Galilee,35,4,6,0,1,0,False,0,3,False,False,0,0,0,clear_split,10,False,0,1.0,0,1.0,0,False,0,0,0,4,0,0,0,1,False,0,0,0,False,False,1,True,True,True,False,False,False,False,False,False
47,Cleansing of the Temple,34,25,57,2,21,5,True,0,23,True,False,1,1,0,clear_split,10,False,2,0.5,-5,1.0,0,False,0,0,0,4,0,-3,0,2,False,0,0,2,True,True,0,True,True,False,True,False,False,False,False,False
48,Healing of the centurion's servant,34,7,18,1,12,5,False,0,16,False,False,0,1,0,clear_split,10,False,0,1.0,0,1.0,0,False,0,0,0,4,-2,0,0,1,False,0,0,0,False,True,0,True,True,False,False,True,False,False,False,False
49,Healing the blind near Jericho,34,5,14,2,6,0,False,0,5,False,False,0,0,0,clear_split,10,False,0,1.0,0,1.0,0,False,0,0,0,4,0,-1,0,1,False,0,0,1,False,False,0,True,True,False,False,True,False,False,False,False
50,Jesus at the home of Martha and Mary,34,13,30,3,3,1,False,1,26,True,False,0,1,0,clear_split,10,False,0,1.0,0,1.0,0,False,0,0,0,0,0,0,0,1,False,0,0,0,False,False,0,True,True,False,False,False,False,False,False,False
51,Jesus preaches in a ship,34,9,10,0,4,6,True,1,7,False,False,0,0,0,one_sided,0,False,0,1.0,0,1.0,0,False,0,0,0,6,0,0,0,0,False,0,0,0,False,True,0,True,True,False,False,False,False,False,True,False
52,Nazareth,34,7,180,10,32,2,True,1,60,True,False,0,3,0,one_sided,0,False,1,1.0,-5,1.0,0,False,0,0,0,0,0,0,0,2,True,0,0,0,False,False,2,True,True,True,False,False,False,True,False,False
53,Census of Quirinius,33,5,56,4,11,1,True,1,20,False,False,1,3,0,one_sided,0,False,0,1.0,0,1.0,0,False,0,0,0,0,0,0,0,1,False,0,0,0,False,True,0,True,True,False,False,False,False,False,False,False
54,Date of the birth of Jesus,33,17,154,7,35,1,True,1,67,True,False,1,4,0,one_sided,0,False,0,1.0,0,1.0,0,False,0,0,0,0,0,0,0,5,True,0,0,0,False,False,0,True,True,False,False,False,False,False,False,False
55,Farewell Discourse,33,28,25,0,23,3,False,1,28,False,False,3,0,0,one_sided,0,False,1,0.5,-3,1.0,0,False,0,0,0,6,0,0,0,2,True,0,0,0,False,False,0,True,True,False,False,False,False,False,True,False
56,Jesus,33,64,649,16,217,16,True,1,128,True,True,4,2,1,clear_split,10,False,3,0.5,-5,0.5,-3,False,-3,0,0,0,-2,0,0,10,True,0,0,3,False,True,0,True,True,False,False,False,False,False,False,False
57,Lazarus of Bethany,33,5,104,0,20,3,True,1,64,True,False,0,1,0,one_sided,0,False,0,1.0,0,1.0,0,False,0,0,0,4,0,0,0,2,True,0,0,0,False,False,0,True,True,False,False,False,False,True,False,False
58,Parable of the Faithful Servant,33,5,6,0,4,1,False,0,7,False,False,0,0,0,clear_split,10,False,0,1.0,0,1.0,0,False,0,0,0,6,0,0,0,0,True,0,0,0,False,False,0,True,True,False,False,False,True,False,False,False
59,Passion of Jesus,33,17,58,2,13,0,False,1,34,True,False,3,0,0,one_sided,0,False,0,1.0,0,1.0,0,False,0,0,0,4,0,0,0,5,True,0,0,0,False,False,0,True,True,False,True,False,False,False,False,False
60,Exorcism of the Gerasene demoniac,32,8,44,2,12,4,True,1,27,False,False,0,1,0,one_sided,0,False,0,1.0,0,1.0,0,False,0,0,0,0,0,0,0,2,False,0,0,0,False,True,1,True,True,True,False,False,False,False,False,False
61,Magdala,32,2,66,2,3,0,True,1,31,False,False,1,0,0,unclassifiable,0,False,0,1.0,0,1.0,0,False,0,0,0,0,0,0,0,4,True,0,0,0,False,False,2,True,True,True,False,False,False,True,False,False
62,Parable of the Good Samaritan,32,12,75,0,0,1,True,0,63,False,False,0,2,0,clear_split,10,False,3,2.0,-14,1.0,0,False,0,0,0,6,0,0,0,5,False,0,0,0,False,False,1,True,True,True,False,False,True,False,False,False
63,Parable of the Rich Fool,32,4,14,0,5,3,False,0,15,False,False,0,0,0,clear_split,10,False,0,1.0,0,1.0,0,False,0,0,0,6,-2,0,0,0,True,0,0,0,False,False,0,True,True,False,False,False,True,False,False,False
64,Calvary,31,10,85,0,12,0,True,0,28,True,False,1,3,0,one_sided,0,False,0,1.0,0,1.0,0,False,0,0,0,0,0,0,0,1,True,0,0,0,False,False,0,True,True,False,True,False,False,True,False,False
65,Capernaum,31,17,29,2,4,0,True,1,11,True,False,1,0,0,one_sided,0,False,0,1.0,0,1.0,0,False,-3,0,0,0,0,0,0,2,True,0,0,0,False,False,1,True,True,True,False,False,False,True,False,False
66,Gennesaret (Kinneret archaeological site),31,7,23,0,8,0,True,0,2,False,False,1,0,0,unclassifiable,0,False,0,1.0,0,1.0,0,False,0,0,0,0,0,0,0,1,False,0,0,0,False,False,2,True,True,True,False,False,False,True,False,False
67,"James, son of Alphaeus",31,25,32,0,3,3,False,1,19,False,False,0,1,0,clear_split,10,False,0,1.0,0,1.0,0,False,0,0,0,0,0,0,0,0,False,0,0,0,False,True,0,True,True,False,False,False,False,True,False,False
68,New Testament places associated with Jesus,31,30,76,0,74,7,True,0,9,False,False,0,1,0,muddled,-5,False,0,1.0,0,1.0,0,False,0,0,0,4,0,0,0,1,False,0,0,0,False,False,1,True,True,True,False,False,False,True,False,False
69,Penitent thief,31,5,45,0,7,1,True,1,36,False,False,0,2,0,one_sided,0,False,0,1.0,0,1.0,0,False,0,0,0,0,0,0,0,0,False,0,0,0,False,False,0,True,True,False,False,False,False,True,False,False
70,Turning the other cheek,31,13,12,0,6,5,False,1,17,False,False,0,0,0,one_sided,0,False,0,1.0,0,1.0,0,False,0,0,0,0,0,0,0,4,False,0,0,0,False,True,0,True,True,False,False,False,False,False,True,False
71,Herod Antipas,30,12,63,1,2,0,True,0,10,False,False,2,0,0,one_sided,0,False,0,1.0,0,1.0,0,False,0,0,0,0,0,0,0,3,False,0,0,0,False,False,0,True,True,False,False,False,False,False,False,False
72,Jordan River,30,29,39,1,7,0,True,1,22,True,False,0,0,0,unclassifiable,0,False,0,1.0,0,1.0,0,False,0,0,0,0,0,0,0,1,True,0,0,0,False,False,2,True,True,True,False,False,False,True,False,False
73,Matthew the Apostle,30,10,61,1,6,1,False,0,20,False,False,0,4,0,clear_split,10,False,0,1.0,0,1.0,0,False,0,0,0,0,-2,-1,0,1,True,0,0,1,False,False,0,True,True,False,False,False,False,True,False,False
74,Parable of the Lost Sheep,30,5,6,0,3,2,False,0,8,False,False,0,0,0,clear_split,10,False,0,1.0,0,1.0,0,False,0,0,0,0,0,0,0,1,True,0,0,0,False,False,0,True,True,False,False,False,True,False,False,False
75,Parable of the Tares,30,13,21,2,5,4,False,0,57,True,False,0,1,0,clear_split,10,False,0,1.0,0,1.0,0,False,0,0,0,0,-2,0,0,0,True,0,0,0,False,False,0,True,True,False,False,False,True,False,False,False
76,Herodians,29,5,10,0,2,2,False,1,11,False,False,1,1,0,one_sided,0,False,0,1.0,0,1.0,0,False,0,0,0,0,0,0,0,3,False,0,0,0,False,False,0,True,True,False,False,False,False,False,False,False
77,Parable of the Mustard Seed,29,7,15,0,7,2,False,0,21,False,False,0,0,0,clear_split,10,False,0,1.0,0,1.0,0,False,0,0,0,0,-2,0,0,2,True,0,0,0,False,True,0,True,True,False,False,False,True,False,False,False
78,Parable of the Unjust Judge,29,2,13,0,4,2,False,0,11,False,False,0,1,0,clear_split,10,False,0,1.0,0,1.0,0,False,0,0,0,6,0,0,0,0,True,0,0,0,False,False,0,True,True,False,False,False,True,False,False,False
79,Raising of Jairus' daughter,29,20,21,0,7,0,True,1,33,False,False,0,0,0,one_sided,0,False,0,1.0,0,1.0,0,False,0,0,0,4,0,0,0,2,False,0,0,0,False,False,0,True,True,False,False,True,False,False,False,False
80,Raising of Lazarus,29,5,104,0,20,3,True,1,64,True,False,0,1,0,unclassifiable,0,False,0,1.0,0,1.0,0,False,0,0,0,0,0,0,0,2,True,0,0,0,False,False,0,True,True,False,False,False,False,True,False,False
81,Resurrection,29,14,114,5,19,0,True,1,86,True,False,1,1,0,one_sided,0,False,0,1.0,0,1.0,0,False,0,0,0,0,0,0,0,8,True,0,0,0,False,False,0,True,True,False,False,False,False,False,False,False
82,The Garden Tomb,29,4,72,6,8,0,True,0,28,True,False,1,1,0,unclassifiable,0,False,0,1.0,0,1.0,0,False,0,0,0,0,0,0,0,2,True,0,0,0,False,False,2,True,True,True,False,False,False,False,False,False
83,Parable of the Two Sons,28,2,1,0,0,1,False,0,3,False,False,0,0,0,clear_split,10,False,0,1.0,0,1.0,0,False,0,0,0,6,0,0,0,1,True,0,0,0,False,False,0,True,True,False,False,False,True,False,False,False
84,Transfiguration of Jesus,28,22,54,0,3,0,False,1,21,False,False,1,3,0,one_sided,0,False,0,1.0,0,1.0,0,False,0,0,0,4,-2,0,0,1,True,0,0,0,False,False,0,True,True,False,False,False,False,False,False,False
85,Beatitudes,27,15,35,0,14,2,False,1,23,False,False,0,0,0,one_sided,0,False,0,1.0,0,1.0,0,False,0,0,0,6,0,0,0,1,True,0,0,0,False,False,0,True,True,False,False,False,False,False,True,False
86,Caesarea Philippi,27,2,85,4,5,0,True,0,22,True,False,1,0,0,unclassifiable,0,False,0,1.0,0,1.0,0,False,0,0,0,0,0,0,0,2,True,0,0,0,False,False,2,True,True,True,False,False,False,True,False,False
87,Caesarea Phillippi,27,2,85,4,5,0,True,0,22,True,False,1,0,0,unclassifiable,0,False,0,1.0,0,1.0,0,False,0,0,0,0,0,0,0,2,True,0,0,0,False,False,2,True,True,True,False,False,False,True,False,False
88,Gethsemane,27,7,25,1,6,0,True,0,18,False,False,0,1,0,unclassifiable,0,False,0,1.0,0,1.0,0,False,0,0,0,0,0,0,0,1,True,0,0,0,False,False,0,True,True,False,False,False,False,True,False,False
89,Kidron Valley,27,7,24,2,7,1,True,0,10,False,False,0,0,0,unclassifiable,0,False,0,1.0,0,1.0,0,False,0,0,0,0,0,0,0,4,False,0,0,0,False,False,0,True,True,False,False,False,False,False,False,False
90,Logos (Christianity),27,10,86,2,10,1,False,1,65,True,False,1,6,0,one_sided,0,False,0,1.0,0,1.0,0,False,0,0,0,0,-2,0,0,2,True,0,0,0,False,False,0,True,True,False,False,False,False,False,False,False
91,Martha,27,11,33,0,4,3,True,1,30,False,False,0,1,0,one_sided,0,False,0,1.0,0,1.0,0,False,0,0,0,0,-2,0,0,0,False,0,0,0,False,False,0,True,True,False,False,False,False,True,False,False
92,Nazarene (title),27,35,97,3,4,3,False,1,69,True,False,1,4,0,one_sided,0,False,0,1.0,0,1.0,0,False,-6,0,0,0,-2,0,0,6,True,0,0,0,False,False,0,True,True,False,False,False,False,False,True,False
93,Parable of the Great Banquet,27,3,18,1,8,4,False,0,15,False,False,0,0,0,clear_split,10,False,0,1.0,0,1.0,0,False,0,0,0,0,-2,0,0,1,True,0,0,0,False,False,0,True,True,False,False,False,True,False,False,False
94,Parable of the Strong Man,27,5,12,0,8,4,False,0,6,False,False,0,0,0,clear_split,10,False,0,1.0,0,1.0,0,False,0,0,0,0,-2,0,0,0,True,0,0,0,False,True,0,True,True,False,False,False,True,False,False,False
95,Parable of the Wise and the Foolish Builders,27,6,6,0,2,1,False,0,10,False,False,0,0,0,clear_split,10,False,0,1.0,0,1.0,0,False,0,0,0,0,0,0,0,0,True,0,0,0,False,False,0,True,True,False,False,False,True,False,True,False
96,Sea of Galilee,27,12,62,6,8,0,True,0,40,True,False,1,1,0,one_sided,0,False,0,1.0,0,1.0,0,False,0,0,0,0,0,0,0,1,True,0,0,0,False,False,2,True,True,True,False,False,False,False,False,False
97,Sermon on the Plain,27,4,2,0,2,1,False,1,1,False,False,0,0,0,one_sided,0,False,0,1.0,0,1.0,0,False,0,0,0,6,0,0,0,0,False,0,0,0,False,False,0,True,True,False,False,False,False,False,True,False
98,Thirty pieces of silver,27,7,42,0,11,4,True,0,22,False,True,1,0,0,one_sided,0,False,0,1.0,0,1.0,0,False,0,0,0,0,0,0,0,0,False,0,0,0,False,True,0,True,True,False,True,False,False,False,True,False
99,Woes to the unrepentant cities,27,4,4,0,1,1,True,0,8,False,False,0,0,0,unclassifiable,0,False,0,1.0,0,1.0,0,False,0,0,0,0,0,0,0,2,False,0,0,0,False,False,0,True,True,False,False,False,False,False,True,False
100,Cursing of the fig tree,26,8,26,0,0,0,False,0,5,True,False,0,0,0,clear_split,10,False,0,1.0,0,1.0,0,False,0,0,0,0,-2,0,0,2,False,0,0,0,False,False,0,True,True,False,False,True,False,False,False,False
101,Parable of the Prodigal Son,26,8,49,5,16,2,False,0,37,True,False,0,0,0,one_sided,0,False,0,1.0,0,1.0,0,False,0,0,0,6,0,0,0,1,True,0,0,0,False,False,0,True,True,False,False,False,True,False,False,False
102,Parables of Jesus,26,36,120,0,3,1,False,1,18,False,False,0,0,0,clear_split,10,False,0,1.0,0,1.0,0,False,0,0,0,0,-2,0,0,0,True,0,0,0,False,True,0,True,True,False,False,False,True,False,True,False
103,Philip the Apostle,26,7,25,0,3,0,True,0,6,True,False,0,2,0,one_sided,0,False,0,1.0,0,1.0,0,False,0,0,0,0,-2,0,0,0,False,0,0,0,False,False,0,True,True,False,False,False,False,True,False,False
104,The four woes of Jesus,26,5,10,0,1,3,False,1,13,False,False,0,0,0,unclassifiable,0,False,0,1.0,0,1.0,0,False,0,0,0,0,0,0,0,2,False,0,0,0,False,False,0,True,True,False,False,False,False,False,True,False
105,Anointing of Jesus,25,10,16,0,7,0,False,1,23,True,False,0,0,0,one_sided,0,False,0,1.0,0,1.0,0,False,0,0,0,0,0,0,0,2,False,0,0,0,False,False,1,True,True,True,True,False,False,False,False,False
106,Disciple whom Jesus loved,25,12,64,1,24,1,False,0,22,True,False,1,2,0,one_sided,0,False,0,1.0,0,1.0,0,False,0,0,0,0,-2,0,0,1,False,0,0,0,False,True,0,True,True,False,False,False,False,False,True,False
107,"Joanna, wife of Chuza",25,6,20,1,6,0,True,0,13,True,False,0,0,0,one_sided,0,False,0,1.0,0,1.0,0,False,0,0,0,0,0,0,0,0,False,0,0,0,False,True,0,True,True,False,False,False,False,True,False,False
108,John the Apostle,25,13,158,2,54,5,False,1,67,True,False,1,6,0,one_sided,0,False,0,1.0,0,1.0,0,False,0,0,0,0,-2,0,0,1,True,0,0,2,False,True,0,True,True,False,False,False,False,True,False,False
109,Jude Thaddeus the Apostle,25,10,64,0,9,3,True,1,26,True,False,0,1,0,unclassifiable,0,False,0,1.0,0,1.0,0,False,0,0,0,0,0,0,0,0,True,0,0,0,False,False,0,True,True,False,False,False,False,True,False,False
110,Lamp under a bushel,25,7,10,0,5,2,False,0,16,False,False,0,0,0,clear_split,10,False,0,1.0,0,1.0,0,False,0,0,0,0,-2,0,0,0,True,0,0,0,False,False,0,True,True,False,False,False,True,False,True,False
111,Nicodemus,25,9,70,6,14,3,False,0,40,False,False,0,0,0,one_sided,0,False,0,1.0,0,1.0,0,False,0,0,0,0,0,0,0,5,False,0,0,0,False,True,0,True,True,False,False,False,False,True,False,False
112,Parable of the Budding Fig Tree,25,4,2,0,0,0,False,0,3,False,False,0,0,0,clear_split,10,False,0,1.0,0,1.0,0,False,0,0,0,0,0,0,0,0,True,0,0,0,False,True,0,True,True,False,False,False,True,False,False,False
113,Pilate's court,25,19,15,0,4,2,True,0,9,False,False,0,2,0,one_sided,0,False,0,1.0,0,1.0,0,False,0,0,0,0,0,0,0,1,False,0,0,0,False,False,0,True,True,False,True,False,False,False,False,False
114,Teachings of Jesus,25,57,119,0,106,11,True,0,26,False,False,1,0,0,unclassifiable,0,False,0,1.0,0,1.0,0,False,0,0,0,0,0,0,0,2,True,0,0,0,False,False,1,True,True,True,False,False,False,False,False,False
115,Clopas,24,8,11,0,1,0,False,1,12,False,False,0,1,0,unclassifiable,0,False,0,1.0,0,1.0,0,False,0,0,0,0,0,0,0,2,False,0,0,0,False,False,0,True,True,False,False,False,False,False,False,False
116,Decapolis,24,2,19,5,4,1,True,0,11,False,False,1,1,0,unclassifiable,0,False,0,1.0,0,1.0,0,False,0,0,0,0,0,0,0,1,True,0,0,0,False,False,0,True,True,False,False,False,False,True,False,False
117,Exorcism of the Syrophoenician woman's daughter,24,9,15,1,3,2,False,0,19,False,False,0,0,0,one_sided,0,False,0,1.0,0,1.0,0,False,0,0,0,0,0,0,0,3,False,0,0,0,False,False,0,True,True,False,False,False,False,False,False,False
118,Jesus healing an infirm woman,24,4,8,0,3,2,False,0,11,False,False,0,0,0,one_sided,0,False,0,1.0,0,1.0,0,False,0,0,0,0,0,0,0,3,False,0,0,0,False,False,0,True,True,False,False,True,False,False,False,False
119,Lesson of the widow's mite,24,4,13,1,1,1,True,0,13,True,False,0,0,0,one_sided,0,False,0,1.0,0,1.0,0,False,0,0,0,0,0,0,0,2,False,0,0,0,False,False,0,True,True,False,False,False,False,False,True,False
120,Marriage at Cana,24,9,53,3,17,2,True,0,28,True,False,0,1,0,unclassifiable,0,False,0,1.0,0,1.0,0,False,0,0,0,0,0,0,0,1,True,0,0,0,False,False,1,True,True,True,False,False,False,False,False,False
121,"Mary, mother of James",24,4,10,0,1,0,True,0,4,False,False,0,0,0,unclassifiable,0,False,0,1.0,0,1.0,0,False,0,0,0,0,0,0,0,0,False,0,0,0,False,False,0,True,True,False,False,False,False,True,False,False
122,Mount Tabor,24,2,15,0,0,0,True,1,4,True,False,1,1,0,unclassifiable,0,False,0,1.0,0,1.0,0,False,0,0,0,0,0,0,0,1,True,0,0,0,False,False,1,True,True,True,False,False,False,True,False,False
123,Parable of the Leaven,24,3,12,0,6,4,False,0,9,False,False,0,0,0,clear_split,10,False,0,1.0,0,1.0,0,False,0,0,0,0,-2,0,0,0,True,0,0,0,False,True,0,True,True,False,False,False,True,False,False,False
124,Parable of the Unjust Steward,24,1,16,2,6,2,False,1,13,False,False,0,0,0,clear_split,10,False,0,1.0,0,1.0,0,False,0,0,0,0,0,0,0,1,True,0,0,0,False,False,0,True,True,False,False,False,True,False,False,False
125,Tacitus on Jesus,24,1,80,2,33,0,True,1,36,False,False,5,0,0,clear_split,10,False,1,1.0,-5,1.0,0,False,0,0,0,0,0,0,0,1,True,0,0,1,False,True,0,True,True,False,False,False,False,False,False,False
126,Arrest of Jesus,23,4,10,0,5,2,False,0,5,False,False,0,0,0,one_sided,0,False,0,1.0,0,1.0,0,False,0,0,0,4,0,0,0,1,False,0,0,0,False,False,0,True,True,False,True,False,False,False,False,False
127,Ascension of Jesus,23,15,57,3,2,0,True,1,24,True,False,0,1,0,one_sided,0,False,0,1.0,0,1.0,0,False,0,0,0,0,0,0,0,1,True,0,0,0,False,False,0,True,True,False,False,False,False,False,False,False
128,Biblical Magi,23,19,105,2,16,2,True,1,78,True,False,0,1,0,one_sided,0,False,0,1.0,0,1.0,0,False,0,0,0,0,0,0,0,1,True,0,0,0,False,False,0,True,True,False,False,False,False,False,False,False
129,Caiaphas,23,7,22,0,5,0,True,0,10,True,False,1,0,0,one_sided,0,False,0,1.0,0,1.0,0,False,-3,0,0,0,0,0,0,8,False,0,0,0,False,False,0,True,True,False,False,False,False,False,False,False
130,Chorazin,23,2,16,2,7,1,True,0,2,True,False,0,0,0,unclassifiable,0,False,0,1.0,0,1.0,0,False,0,0,0,0,0,0,0,2,True,0,0,0,False,False,2,True,True,True,False,False,False,True,False,False
131,Christ's discourse with Nicodemus,23,12,7,0,1,2,False,0,8,True,False,3,0,0,one_sided,0,False,0,1.0,0,1.0,0,False,0,0,0,0,0,0,0,2,True,0,0,0,False,False,0,True,True,False,False,False,False,False,False,False
132,Confession of Peter,23,23,21,0,16,4,False,0,17,True,False,0,0,0,clear_split,10,False,0,1.0,0,1.0,0,False,0,0,0,0,0,0,0,0,True,0,0,0,False,False,0,True,True,False,False,False,False,False,False,False
133,Crucifixion darkness,23,2,80,0,3,4,False,1,23,False,True,3,4,0,one_sided,0,False,0,1.0,0,1.0,0,False,0,0,0,0,-2,0,0,1,True,0,0,0,False,False,0,True,True,False,True,False,False,False,False,False
134,Feeding the multitude,23,13,19,0,0,3,False,1,8,False,False,0,0,0,one_sided,0,False,0,1.0,0,1.0,0,False,0,0,0,4,0,0,0,1,False,0,0,0,False,False,0,True,True,False,False,True,False,False,False,False
135,Galilee,23,3,54,7,14,0,True,0,27,True,False,1,0,0,one_sided,0,False,0,1.0,0,1.0,0,False,-3,0,0,0,0,0,0,5,True,0,0,0,False,False,2,True,True,True,False,False,False,False,False,False
136,Healing the paralytic at Bethesda,23,8,7,0,2,0,True,1,5,True,False,0,0,0,one_sided,0,False,0,1.0,0,1.0,0,False,0,0,0,0,0,0,0,1,False,0,0,0,False,False,0,True,True,False,False,True,False,False,False,False
137,Jesus and the rich young man,23,4,14,0,4,2,False,0,20,False,False,0,1,0,one_sided,0,False,0,1.0,0,1.0,0,False,0,0,0,4,0,0,0,0,False,0,0,0,False,False,0,True,True,False,False,False,False,False,False,False
138,Judas Iscariot,23,39,158,7,50,8,False,1,95,True,False,2,2,0,one_sided,0,False,0,1.0,0,1.0,0,False,-3,0,0,0,-2,-3,0,3,True,0,0,2,True,False,0,True,True,False,False,False,False,False,False,False
139,Khirbat Karraza,23,2,16,2,7,1,True,0,2,True,False,0,0,0,unclassifiable,0,False,0,1.0,0,1.0,0,False,0,0,0,0,0,0,0,2,True,0,0,0,False,False,2,True,True,True,False,False,False,True,False,False
140,Mount of Olives,23,10,39,3,9,0,True,0,24,True,False,1,0,0,one_sided,0,False,0,1.0,0,1.0,0,False,0,0,0,0,-2,0,0,1,True,0,0,0,False,False,2,True,True,True,False,False,False,False,False,False
141,New Commandment,23,16,18,0,7,3,False,0,7,False,False,0,0,0,one_sided,0,False,0,1.0,0,1.0,0,False,0,0,0,0,0,0,0,1,False,0,0,0,False,False,0,True,True,False,False,False,False,False,True,False
142,Noli me tangere,23,3,17,0,7,0,True,1,8,False,False,0,0,0,unclassifiable,0,False,0,1.0,0,1.0,0,False,0,0,0,0,0,0,0,2,False,0,0,0,False,False,0,True,True,False,False,False,False,False,True,False
143,Prayers of Jesus,23,19,2,0,0,0,False,0,5,False,False,3,0,0,unclassifiable,0,False,0,1.0,0,1.0,0,False,0,0,0,0,0,0,0,1,True,0,0,0,False,False,0,True,True,False,False,False,False,False,False,False
144,Pre-existence of Christ,23,19,55,2,16,0,False,0,55,True,False,0,2,0,one_sided,0,False,0,1.0,0,1.0,0,False,0,0,0,4,0,0,0,0,True,0,0,0,False,False,0,True,True,False,False,False,False,False,False,False
145,Salome (disciple),23,8,20,0,10,0,False,1,21,False,False,1,2,0,one_sided,0,False,0,1.0,0,1.0,0,False,0,0,0,0,-2,0,0,0,False,0,0,0,False,False,0,True,True,False,False,False,False,True,False,False
146,Seventy disciples,23,7,13,0,2,1,False,1,13,False,False,1,2,0,one_sided,0,False,0,1.0,0,1.0,0,False,0,0,0,0,-2,0,0,0,False,0,0,0,False,False,0,True,True,False,False,False,False,False,False,False
147,Son of man (Christianity),23,34,36,0,20,1,False,0,50,False,False,1,0,0,one_sided,0,False,0,1.0,0,1.0,0,False,0,0,0,0,0,-1,0,3,True,0,0,1,False,False,0,True,True,False,False,False,False,False,True,False
148,Calming the storm,22,4,4,0,2,2,False,0,7,False,False,0,0,0,unclassifiable,0,False,0,1.0,0,1.0,0,False,0,0,0,0,0,0,0,1,False,0,0,0,False,False,0,True,True,False,False,True,False,False,False,False
149,Crown of thorns,22,5,40,0,4,2,True,0,17,True,False,0,2,0,unclassifiable,0,False,0,1.0,0,1.0,0,False,0,0,0,0,0,0,0,0,False,0,0,0,False,False,0,True,True,False,False,False,False,False,False,False
150,Gospel harmony,22,0,43,0,29,1,False,1,6,False,False,3,1,0,clear_split,10,False,0,1.0,0,1.0,0,True,0,0,0,6,0,0,0,2,True,0,0,0,False,False,0,True,True,False,False,False,False,False,False,True
151,Healing the mother of Peter's wife,22,6,7,0,0,2,False,1,10,False,False,0,0,0,one_sided,0,False,0,1.0,0,1.0,0,False,0,0,0,0,0,0,0,2,False,0,0,0,False,False,0,True,True,False,False,True,False,False,False,False
152,I am (biblical term),22,32,8,0,4,0,False,0,7,False,False,0,0,0,unclassifiable,0,False,0,1.0,0,1.0,0,False,0,0,0,4,0,0,0,0,False,0,0,0,False,False,0,True,True,False,False,False,False,False,False,False
153,Jesus in the synagogue of Capernaum,22,8,6,0,0,0,False,0,5,False,False,0,0,0,one_sided,0,False,0,1.0,0,1.0,0,False,0,0,0,4,0,0,0,1,False,0,0,0,False,False,0,True,True,False,False,False,False,False,False,False
154,Jesus' authority questioned,22,4,4,0,2,1,False,0,6,False,False,0,0,0,one_sided,0,False,0,1.0,0,1.0,0,False,0,0,0,0,0,0,0,1,False,0,0,0,False,False,0,True,True,False,True,False,False,False,False,False
155,Lord of the Sabbath,22,4,14,0,2,2,False,0,8,False,False,0,0,0,one_sided,0,False,0,1.0,0,1.0,0,False,0,0,0,0,0,0,0,1,False,0,0,0,False,False,0,True,True,False,False,False,False,False,True,False
156,Mary of Bethany,22,7,41,2,8,4,False,0,30,True,False,0,1,0,one_sided,0,False,0,1.0,0,1.0,0,False,0,0,0,0,0,0,0,1,False,0,0,0,False,False,0,True,True,False,False,False,False,True,False,False
157,Parable of the Workers in the Vineyard,22,1,10,0,2,6,False,0,4,False,False,0,0,0,unclassifiable,0,False,0,1.0,0,1.0,0,False,0,0,0,6,0,0,0,2,True,0,0,0,False,False,0,True,True,False,False,False,True,False,False,False
158,Calling of the disciples,21,7,11,0,6,1,False,0,6,False,False,0,0,0,one_sided,0,False,0,1.0,0,1.0,0,False,0,0,0,4,0,0,0,0,False,0,0,0,False,False,0,True,True,False,False,False,False,False,False,False
159,Cleopas,21,4,16,0,2,1,True,0,10,False,False,0,1,0,one_sided,0,False,0,1.0,0,1.0,0,False,0,0,0,0,0,0,0,0,False,0,0,0,False,False,0,True,True,False,False,False,False,False,False,False
160,Flight into Egypt,21,24,48,0,11,4,True,0,27,True,False,1,0,0,clear_split,10,False,1,2.0,-8,1.0,0,False,0,0,0,0,-2,0,0,2,True,0,0,0,False,True,0,True,True,False,False,False,False,False,False,False
161,Jesus healing in the land of Gennesaret,21,3,4,0,2,1,False,0,4,False,False,1,0,0,unclassifiable,0,False,0,1.0,0,1.0,0,False,0,0,0,0,0,0,0,1,False,0,0,0,False,False,0,True,True,False,False,True,False,False,False,False
162,Joses,21,9,23,0,2,0,False,1,16,True,False,0,1,0,one_sided,0,False,0,1.0,0,1.0,0,False,0,0,0,0,0,0,0,0,False,0,0,0,False,False,0,False,False,False,False,False,False,False,False,False
163,"Jude, brother of Jesus",21,4,20,0,5,2,False,0,9,False,False,0,2,0,one_sided,0,False,0,1.0,0,1.0,0,False,0,0,0,0,0,0,0,0,False,0,0,0,False,False,0,True,True,False,False,False,False,False,False,False
164,Last Supper,21,28,108,0,6,0,True,1,29,False,False,1,0,0,one_sided,0,False,1,0.5,-3,1.0,0,False,0,0,0,0,-2,0,0,4,True,0,0,0,False,True,0,True,True,False,True,False,False,False,False,False
165,Maundy (foot washing),21,11,52,2,17,0,False,0,20,True,False,0,4,0,one_sided,0,False,0,1.0,0,1.0,0,False,0,0,0,0,-2,0,0,1,True,0,0,0,False,False,0,True,True,False,False,False,False,False,False,False
166,Parable of the Two Debtors,21,6,22,0,15,4,False,0,21,False,False,0,0,0,one_sided,0,False,0,1.0,0,1.0,0,False,0,0,0,0,0,0,0,1,True,0,0,0,False,False,0,True,True,False,False,False,True,False,False,False
167,Parable of the Wedding Feast,21,7,7,1,2,2,False,0,10,False,False,0,0,0,one_sided,0,False,0,1.0,0,1.0,0,False,0,0,0,0,0,0,0,1,True,0,0,0,False,False,0,True,True,False,False,False,True,False,False,False
168,Pharisee and the Publican,21,2,8,1,2,1,False,0,10,True,False,0,0,0,unclassifiable,0,False,0,1.0,0,1.0,0,False,0,0,0,6,0,0,0,2,True,0,0,0,False,False,0,True,True,False,False,False,True,False,False,False
169,Pool of Bethesda,21,1,29,0,2,1,True,1,4,True,False,0,0,0,unclassifiable,0,False,0,1.0,0,1.0,0,False,0,0,0,0,0,0,0,2,True,0,0,0,False,False,1,True,True,True,False,False,False,True,False,False
170,Sign of Jonah,21,6,6,0,0,0,False,0,9,False,False,0,0,0,one_sided,0,False,0,1.0,0,1.0,0,False,0,0,0,0,0,0,0,2,False,0,0,0,False,False,0,True,False,False,False,False,True,False,False,False
171,Discourse on Defilement,20,4,5,0,2,0,False,0,3,False,False,0,0,0,one_sided,0,False,0,1.0,0,1.0,0,False,0,0,0,0,0,0,0,1,False,0,0,0,False,False,0,True,True,False,False,False,False,False,True,False
172,Ephraim in the wilderness,20,4,1,0,0,0,False,0,2,False,False,0,0,0,unclassifiable,0,False,0,1.0,0,1.0,0,False,0,0,0,0,0,0,0,2,False,0,0,0,False,False,0,True,True,False,False,False,False,True,False,False
173,Healing the deaf mute of Decapolis,20,12,7,0,5,1,False,0,6,False,False,0,0,0,one_sided,0,False,0,1.0,0,1.0,0,False,0,0,0,0,0,0,0,1,False,0,0,0,False,True,0,True,True,False,False,True,False,False,False,False
174,Healing the man blind from birth,20,4,6,0,0,1,False,0,6,False,False,0,0,0,unclassifiable,0,False,0,1.0,0,1.0,0,False,0,0,0,0,0,0,0,2,False,0,0,0,False,False,0,True,True,False,False,True,False,False,False,False
175,Healing the man with a withered hand,20,4,9,0,0,2,False,0,9,False,False,0,0,0,one_sided,0,False,0,1.0,0,1.0,0,False,0,0,0,0,0,0,0,2,False,0,0,0,False,False,0,True,True,False,False,True,False,False,False,False
176,Healing the royal official's son,20,4,6,0,6,2,False,0,5,False,False,0,0,0,unclassifiable,0,False,0,1.0,0,1.0,0,False,0,0,0,0,0,0,0,1,False,0,0,0,False,False,0,True,True,False,False,True,False,False,False,False
177,Messengers from John the Baptist,20,5,9,0,3,1,False,1,6,False,False,0,0,0,one_sided,0,False,0,1.0,0,1.0,0,False,0,0,0,0,0,0,0,0,False,0,0,0,False,False,0,True,True,False,False,False,False,False,False,False
178,Salt and light,20,6,4,0,2,0,False,0,3,False,False,0,0,0,one_sided,0,False,0,1.0,0,1.0,0,False,0,0,0,0,0,0,0,0,False,0,0,0,False,False,0,True,True,False,False,False,False,False,True,False
179,Sanhedrin trial of Jesus,20,29,24,1,8,1,False,0,16,False,False,0,0,0,one_sided,0,False,0,1.0,0,1.0,0,False,0,0,0,0,0,0,0,1,False,0,0,0,False,False,0,True,True,False,True,False,False,False,False,False
180,Women at the crucifixion,20,8,4,0,2,0,False,0,5,False,False,0,0,0,unclassifiable,0,False,0,1.0,0,1.0,0,False,0,0,0,0,0,0,0,0,False,0,0,0,False,False,0,True,True,False,True,False,False,False,False,False
181,Agony in the Garden,19,5,27,0,4,1,False,1,12,False,False,0,0,0,one_sided,0,False,0,1.0,0,1.0,0,False,0,0,0,0,0,0,0,0,False,0,0,0,False,False,0,True,True,False,False,False,False,False,False,False
182,Andrew the Apostle,19,3,76,0,5,1,False,1,28,False,False,0,3,0,one_sided,0,False,0,1.0,0,1.0,0,False,0,0,0,0,0,0,0,0,True,0,0,0,False,False,0,True,True,False,False,False,False,True,False,False
183,Bethphage,19,1,12,0,3,0,True,1,2,True,False,0,1,0,unclassifiable,0,False,0,1.0,0,1.0,0,False,0,0,0,0,0,0,0,1,False,0,0,0,False,False,0,True,True,False,False,False,False,True,False,False
184,Flight to Egypt,19,24,48,0,11,4,True,0,27,True,False,1,0,0,unclassifiable,0,False,0,1.0,0,1.0,0,False,0,0,0,0,-2,0,0,2,True,0,0,0,False,False,0,True,True,False,False,False,False,False,False,False
185,Healing the ear of a servant,19,5,2,0,1,0,False,0,2,False,False,0,0,0,one_sided,0,False,0,1.0,0,1.0,0,False,0,0,0,0,0,0,0,1,False,0,0,0,False,False,0,True,True,False,True,True,False,False,False,False
186,Jesus at Herod's court,19,4,16,0,11,0,False,0,7,False,False,0,0,0,one_sided,0,False,0,1.0,0,1.0,0,False,0,0,0,0,0,0,0,1,False,0,0,0,False,False,0,True,True,False,True,False,False,False,False,False
187,Jesus cleansing a leper,19,4,10,0,2,2,False,0,5,False,False,0,0,0,unclassifiable,0,False,0,1.0,0,1.0,0,False,0,0,0,0,0,0,0,1,False,0,0,0,False,False,0,True,True,False,False,True,False,False,False,False
188,Jesus's interactions with women,19,25,94,1,7,6,False,0,70,False,False,0,0,0,one_sided,0,False,0,1.0,0,1.0,0,False,0,0,0,0,-2,0,0,4,True,0,0,0,False,True,0,True,True,False,False,False,False,False,False,False
189,Miraculous catch of fish,19,5,26,0,19,2,False,0,17,False,False,0,0,0,unclassifiable,0,False,0,1.0,0,1.0,0,False,0,0,0,0,0,0,0,1,False,0,0,0,False,True,0,True,True,False,False,True,False,False,False,False
190,Resurrection of Jesus,19,24,410,2,59,0,True,0,205,False,False,1,4,0,clear_split,10,False,2,0.5,-5,1.0,0,False,0,-8,-8,0,-2,0,0,10,True,0,0,11,False,True,0,True,True,False,True,False,False,False,False,False
191,Simon the Zealot,19,7,24,1,6,0,False,1,14,False,False,0,1,0,one_sided,0,False,0,1.0,0,1.0,0,False,0,0,0,0,0,0,0,0,True,0,0,0,False,False,0,True,True,False,False,False,False,True,False,False
192,The Birds of the Air,19,5,6,0,4,0,False,0,8,False,False,0,0,0,one_sided,0,False,0,1.0,0,1.0,0,False,0,0,0,0,0,0,0,0,False,0,0,0,False,False,0,True,True,False,False,False,False,False,True,False
193,The gospel,19,5,36,1,9,0,True,0,16,True,False,0,0,0,one_sided,0,False,0,1.0,0,1.0,0,False,0,0,0,0,0,0,0,1,True,0,0,0,False,False,0,True,True,False,False,False,False,False,True,False
194,Bargain of Judas,18,4,8,0,2,0,False,0,7,False,False,0,0,0,one_sided,0,False,0,1.0,0,1.0,0,False,0,0,0,0,-2,0,0,1,False,0,0,0,False,False,0,True,True,False,True,False,False,False,False,False
195,Commissioning of the Twelve Apostles,18,5,7,0,2,1,False,0,5,False,False,0,0,0,unclassifiable,0,False,0,1.0,0,1.0,0,False,0,0,0,0,0,0,0,0,False,0,0,0,False,False,0,True,True,False,False,False,False,False,False,False
196,Counting the cost,18,5,10,0,2,3,False,0,7,False,False,0,0,0,one_sided,0,False,0,1.0,0,1.0,0,False,0,0,0,0,0,0,0,0,True,0,0,0,False,False,0,True,True,False,False,False,True,False,False,False
197,Good Shepherd,18,18,19,0,1,2,True,0,13,False,False,0,0,0,one_sided,0,False,0,1.0,0,1.0,0,False,0,0,0,0,0,0,0,0,True,0,0,0,False,False,0,True,True,False,False,False,False,False,True,False
198,Great Commandment,18,8,12,0,0,3,False,0,21,False,False,0,0,0,unclassifiable,0,False,0,1.0,0,1.0,0,False,0,0,0,0,0,0,0,1,True,0,0,0,False,False,0,True,True,False,False,False,False,False,True,False
199,Jerusalem during the Second Temple period,18,1,115,4,6,0,True,0,55,True,False,2,0,0,one_sided,0,False,0,1.0,0,1.0,0,False,0,0,0,0,0,0,0,11,True,0,0,0,False,False,0,True,True,False,False,False,False,False,False,False
200,Malchus,18,6,3,0,1,0,False,0,3,False,False,0,0,0,one_sided,0,False,0,1.0,0,1.0,0,False,0,0,0,0,0,0,0,0,False,0,0,0,False,False,0,True,True,False,False,True,False,False,False,False
201,Mary of Clopas,18,1,22,0,2,0,True,1,14,False,False,0,1,0,one_sided,0,False,0,1.0,0,1.0,0,False,0,0,0,0,-2,0,0,0,False,0,0,0,False,False,0,True,True,False,False,False,False,True,False,False
202,Road to Emmaus appearance,18,11,36,0,1,0,False,1,22,False,False,0,0,0,one_sided,0,False,0,1.0,0,1.0,0,False,0,0,0,0,0,0,0,0,False,0,0,0,False,True,0,True,True,False,False,False,False,False,False,False
203,Woes of the Pharisees,18,4,3,0,1,0,False,0,0,False,False,0,0,0,unclassifiable,0,False,0,1.0,0,1.0,0,False,0,0,0,0,0,0,0,1,False,0,0,0,False,False,0,True,True,False,False,False,False,False,True,False
204,Beheading of John the Baptist,17,19,30,0,2,3,True,0,17,True,False,1,0,0,unclassifiable,0,False,0,1.0,0,1.0,0,False,0,0,0,0,0,0,0,0,True,0,0,0,False,False,0,True,True,False,False,False,False,False,False,False
205,Blind man of Bethsaida,17,4,8,0,2,1,False,0,3,False,False,0,0,0,unclassifiable,0,False,0,1.0,0,1.0,0,False,0,0,0,0,0,0,0,0,False,0,0,0,False,False,0,True,True,False,False,True,False,False,False,False
206,Caesarea Maritima,17,0,123,12,26,1,True,1,39,True,False,1,2,0,unclassifiable,0,False,0,1.0,0,1.0,0,True,0,0,0,0,0,0,0,2,True,0,0,0,False,False,2,True,True,True,False,False,False,True,False,False
207,Finding in the Temple,17,2,12,0,2,3,False,0,17,False,False,0,0,0,one_sided,0,False,0,1.0,0,1.0,0,False,0,0,0,4,-2,0,0,2,False,0,0,0,False,False,0,True,True,False,False,False,False,False,False,False
208,Healing the paralytic at Capernaum,17,3,10,0,1,3,False,0,11,False,False,0,1,0,one_sided,0,False,0,1.0,0,1.0,0,False,0,0,0,0,0,0,0,1,False,0,0,0,False,False,0,True,True,False,False,True,False,False,False,False
209,James the Less,17,6,12,0,0,2,False,0,14,False,False,0,1,0,unclassifiable,0,False,0,1.0,0,1.0,0,False,0,0,0,0,0,0,0,0,False,0,0,0,False,True,0,True,True,False,False,False,False,True,False,False
210,Kiss of Judas,17,6,16,2,3,2,False,0,16,False,False,0,0,0,unclassifiable,0,False,0,1.0,0,1.0,0,False,0,0,0,0,-2,0,0,0,False,0,0,0,False,False,0,True,True,False,True,False,False,False,False,False
211,Mocking of Jesus,17,24,19,0,2,4,False,0,32,False,False,0,0,0,one_sided,0,False,0,1.0,0,1.0,0,False,0,0,0,0,0,0,0,0,False,0,0,0,False,False,0,True,True,False,True,False,False,False,False,False
212,Parable of the barren fig tree,17,5,9,0,2,1,False,0,6,True,False,0,0,0,one_sided,0,False,1,0.5,-3,1.0,0,False,0,0,0,0,0,0,0,2,True,0,0,0,False,False,0,True,True,False,False,False,True,False,False,False
213,The Tree and Its Fruits,17,2,5,0,2,0,False,1,3,False,False,0,0,0,unclassifiable,0,False,0,1.0,0,1.0,0,False,0,0,0,6,0,0,0,0,True,0,0,0,False,False,0,True,True,False,False,False,False,False,True,False
214,True Vine,17,7,15,0,7,2,False,0,4,False,False,0,0,0,unclassifiable,0,False,0,1.0,0,1.0,0,False,0,0,0,0,0,0,0,0,True,0,0,0,False,False,0,True,True,False,False,False,False,False,True,False
215,Water of Life Discourse,17,11,13,0,12,3,False,0,7,False,False,0,0,0,unclassifiable,0,False,0,1.0,0,1.0,0,False,0,0,0,0,0,0,0,0,False,0,0,0,False,False,0,True,True,False,False,False,False,False,False,False
216,Zacchaeus,17,4,7,0,0,1,False,0,2,True,False,0,2,0,unclassifiable,0,False,0,1.0,0,1.0,0,False,0,0,0,0,0,0,0,0,False,0,0,0,False,False,0,True,True,False,False,False,False,True,False,False
217,Calling of Matthew,16,3,10,0,3,3,False,0,11,False,False,0,0,0,one_sided,0,False,0,1.0,0,1.0,0,False,0,0,0,0,0,0,0,1,False,0,0,0,False,False,0,True,True,False,False,False,False,False,False,False
218,Ecce homo,16,3,46,0,0,0,True,1,34,False,False,0,0,0,one_sided,0,False,0,1.0,0,1.0,0,False,0,0,0,0,0,0,0,0,False,0,0,0,False,False,0,True,True,False,False,False,False,False,False,False
219,Gabbatha,16,1,6,0,2,0,True,0,2,True,False,1,0,0,unclassifiable,0,False,0,1.0,0,1.0,0,False,0,0,0,0,0,0,0,0,False,0,0,0,False,False,0,True,True,False,True,False,False,True,False,False
220,Great Commission,16,6,5,0,0,0,False,0,7,True,False,0,0,0,unclassifiable,0,False,0,1.0,0,1.0,0,False,0,0,0,0,0,0,0,0,False,0,0,0,False,False,0,True,True,False,False,False,False,False,True,False
221,Healing a man with dropsy,16,1,4,0,1,2,False,1,4,False,False,0,0,0,unclassifiable,0,False,0,1.0,0,1.0,0,False,0,0,0,0,0,0,0,2,False,0,0,0,False,False,0,True,True,False,False,True,False,False,False,False
222,Healing the two blind men in Galilee,16,2,5,0,2,2,False,0,3,True,False,0,0,0,unclassifiable,0,False,0,1.0,0,1.0,0,False,0,0,0,4,0,0,0,1,False,0,0,0,False,False,0,True,True,False,False,True,False,False,False,False
223,Jesus wept,16,2,10,0,1,0,False,1,3,False,False,0,0,0,one_sided,0,False,0,1.0,0,1.0,0,False,0,0,0,0,0,0,0,2,False,0,0,0,False,False,0,True,True,False,False,False,False,False,True,False
224,Light of the World,16,11,12,0,8,0,False,0,8,False,False,0,0,0,one_sided,0,False,0,1.0,0,1.0,0,False,0,0,0,0,-2,0,0,0,False,0,0,0,False,False,0,True,True,False,False,False,False,False,True,False
225,Mount of Transfiguration,16,3,8,0,0,0,True,0,6,True,False,0,1,0,unclassifiable,0,False,0,1.0,0,1.0,0,False,0,0,0,0,0,0,0,0,False,0,0,0,False,False,0,True,True,False,False,False,False,False,False,False
226,Outer darkness,16,4,4,0,1,0,False,0,8,True,False,0,0,0,unclassifiable,0,False,0,1.0,0,1.0,0,False,0,0,0,0,0,0,0,0,True,0,0,0,False,False,0,True,True,False,False,False,True,False,True,False
227,Parable of the Unforgiving Servant,16,3,7,0,3,3,False,0,4,False,False,0,0,0,unclassifiable,0,False,0,1.0,0,1.0,0,False,0,0,0,0,0,0,0,0,True,0,0,0,False,False,0,True,True,False,False,False,True,False,False,False
228,Restoration of Peter,16,9,19,0,5,1,False,0,20,False,False,1,0,0,one_sided,0,False,0,1.0,0,1.0,0,False,0,0,0,0,0,0,0,0,True,0,0,0,False,True,0,True,True,False,False,False,False,False,False,False
229,Samaritan woman at the well,16,7,27,0,1,0,False,0,24,False,False,0,0,0,one_sided,0,False,0,1.0,0,1.0,0,False,0,0,0,0,0,0,0,0,False,0,0,0,False,False,0,True,True,False,False,False,False,False,False,False
230,That they all may be one,16,2,2,0,0,0,False,1,1,False,False,0,0,0,unclassifiable,0,False,0,1.0,0,1.0,0,False,0,0,0,0,0,0,0,2,False,0,0,0,False,False,0,True,True,False,False,False,False,False,True,False
231,The Mote and the Beam,16,5,6,0,3,1,False,0,5,True,False,0,0,0,unclassifiable,0,False,0,1.0,0,1.0,0,False,0,0,0,0,0,0,0,0,True,0,0,0,False,False,0,True,True,False,False,False,True,False,True,False
232,The truth will set you free,16,2,10,0,0,0,False,1,11,False,False,0,0,0,unclassifiable,0,False,0,1.0,0,1.0,0,False,0,0,0,0,0,0,0,2,False,0,0,0,False,False,0,True,True,False,False,False,False,False,True,False
233,Zebedee,16,6,8,0,0,0,False,0,6,False,False,0,0,0,unclassifiable,0,False,0,1.0,0,1.0,0,False,0,0,0,0,0,0,0,0,False,0,0,0,False,False,0,True,True,False,False,False,False,True,False,False
234,Heli (biblical figure),15,2,19,0,5,3,False,0,4,False,False,0,1,0,clear_split,10,False,1,2.0,-8,1.0,0,False,0,0,0,0,0,0,0,0,False,0,0,0,False,False,0,True,True,False,False,False,False,False,False,False
235,Parable of the Friend at Night,15,4,6,0,4,2,False,0,7,False,False,0,1,0,muddled,-5,False,0,1.0,0,1.0,0,False,0,0,0,0,0,0,0,0,True,0,0,0,False,True,0,True,True,False,False,False,True,False,False,False
236,The Three Marys,15,11,25,1,13,0,False,1,3,False,False,0,0,0,one_sided,0,False,0,1.0,0,1.0,0,False,0,-2,-2,0,0,0,0,0,False,0,0,0,False,False,0,True,True,False,True,False,False,True,False,False
237,Bartholomew the Apostle,14,3,51,0,4,2,False,1,19,True,False,0,1,0,unclassifiable,0,False,0,1.0,0,1.0,0,False,0,0,0,0,0,0,0,0,True,0,0,0,False,False,0,True,True,False,False,False,False,True,False,False
238,"Elizabeth, mother of John the Baptist",14,9,17,0,6,1,False,0,18,False,False,0,0,0,unclassifiable,0,False,0,1.0,0,1.0,0,False,0,0,0,0,0,0,0,0,True,0,0,0,False,False,0,True,True,False,False,False,False,True,False,False
239,Eye of a needle,14,4,17,0,8,0,False,0,16,False,False,0,0,0,one_sided,0,False,0,1.0,0,1.0,0,False,-3,0,0,0,0,0,0,1,True,0,0,0,False,False,0,True,True,False,False,False,False,False,True,False
240,Mara bar Serapion on Jesus,14,1,12,0,10,0,True,1,9,True,False,4,0,0,one_sided,0,False,0,1.0,0,1.0,0,False,0,0,0,0,0,0,0,0,True,0,0,0,False,True,0,True,True,False,False,False,False,False,False,False
241,"Nain, Israel",14,1,21,0,0,0,True,0,1,False,False,0,1,0,unclassifiable,0,False,0,1.0,0,1.0,0,False,0,0,0,0,0,0,0,0,True,0,0,0,False,False,2,True,True,True,False,False,False,True,False,False
242,Parable of the Pearl,14,3,13,0,5,4,False,0,13,False,False,0,0,0,one_sided,0,False,0,1.0,0,1.0,0,False,0,0,0,0,-2,0,0,0,True,0,0,0,False,False,0,True,True,False,False,False,True,False,False,False
243,Denial of Peter,13,12,34,0,5,1,False,1,31,False,False,0,0,0,one_sided,0,False,0,1.0,0,1.0,0,False,0,0,0,0,-2,-1,0,0,True,0,0,1,False,False,0,True,True,False,True,False,False,False,False,False
244,Mount of Temptation,13,2,60,0,2,0,True,1,17,True,False,1,0,0,one_sided,0,False,0,1.0,0,1.0,0,False,0,0,0,0,0,0,0,0,True,0,0,0,False,False,0,True,True,False,False,False,False,False,False,False
245,Raising of the son of the widow of Nain,13,2,6,0,1,1,False,0,7,False,False,0,0,0,one_sided,0,False,0,1.0,0,1.0,0,False,0,0,0,0,0,0,0,1,False,0,0,0,False,False,0,True,True,False,False,True,False,False,False,False
246,Young man from Nain,13,2,6,0,1,1,False,0,7,False,False,0,0,0,unclassifiable,0,False,0,1.0,0,1.0,0,False,0,0,0,0,0,0,0,1,False,0,0,0,False,False,0,True,True,False,False,True,False,False,False,False
247,City upon a Hill,12,1,23,1,5,0,False,1,26,False,False,0,0,0,unclassifiable,0,False,0,1.0,0,1.0,0,False,0,0,0,0,0,0,0,0,False,0,0,0,False,False,0,True,True,False,False,False,False,False,True,False
248,Miracles of Jesus,12,38,87,1,38,1,False,1,22,False,False,1,1,0,one_sided,0,False,1,0.5,-3,1.0,0,False,0,-6,-6,4,-2,0,0,2,True,0,0,2,False,True,0,True,True,False,False,True,False,False,False,False
249,Parable of the Hidden Treasure,12,2,11,0,6,5,False,0,13,False,False,0,0,0,one_sided,0,False,0,1.0,0,1.0,0,False,0,0,0,0,-2,0,0,0,True,0,0,0,False,False,0,True,True,False,False,False,True,False,False,False
250,Historicity of Jesus,11,0,203,3,51,0,True,1,85,False,False,5,1,6,clear_split,10,False,0,1.0,0,1.0,-9,True,0,0,0,0,-2,-3,0,4,True,0,0,6,True,True,1,True,True,True,False,False,False,False,False,False
251,James the Great,11,3,39,0,1,1,False,1,19,True,False,0,0,0,one_sided,0,False,0,1.0,0,1.0,0,False,0,0,0,0,0,0,0,0,True,0,0,0,False,True,0,True,True,False,False,False,False,True,False,False
252,Nathanael (follower of Jesus),11,2,13,1,0,0,False,0,6,True,False,0,0,0,one_sided,0,False,0,1.0,0,1.0,0,False,0,0,0,0,0,0,0,1,False,0,0,0,False,False,0,True,True,False,False,False,False,False,False,False
253,Parable of the Growing Seed,11,2,8,0,5,1,False,0,7,False,False,0,0,0,unclassifiable,0,False,0,1.0,0,1.0,0,False,0,0,0,0,0,0,0,0,True,0,0,0,False,False,0,True,True,False,False,False,True,False,False,False
254,Parable of the Lost Coin,11,1,5,0,4,2,False,0,4,False,False,0,0,0,unclassifiable,0,False,0,1.0,0,1.0,0,False,0,0,0,0,0,0,0,1,True,0,0,0,False,False,0,True,True,False,False,False,True,False,False,False
255,Parable of the Master and Servant,11,2,6,0,4,1,False,0,8,False,False,0,0,0,unclassifiable,0,False,0,1.0,0,1.0,0,False,0,0,0,0,0,0,0,0,True,0,0,0,False,False,0,True,True,False,False,False,True,False,False,False
256,Coin in the fish's mouth,10,1,13,0,6,3,False,0,6,False,False,0,0,0,one_sided,0,False,0,1.0,0,1.0,0,False,0,0,0,0,0,0,0,1,False,0,0,0,False,False,0,True,True,False,False,True,False,False,False,False
257,Letter of Pilate to Tiberius,10,0,49,1,3,0,False,1,10,False,False,1,3,0,unclassifiable,0,False,0,1.0,0,1.0,0,True,0,0,0,0,-2,0,0,5,False,0,0,0,False,False,0,True,True,False,False,False,False,False,False,False
258,The Sheep and the Goats,10,4,11,0,1,2,False,0,13,True,False,0,0,0,muddled,-5,False,0,1.0,0,1.0,0,False,0,0,0,0,0,0,0,0,True,0,0,0,False,False,0,True,True,False,False,False,False,False,True,False
259,Cleansing ten lepers,9,1,6,0,3,2,False,0,2,False,False,0,0,0,unclassifiable,0,False,0,1.0,0,1.0,0,False,0,0,0,0,0,0,0,1,False,0,0,0,False,False,0,True,True,False,False,True,False,False,False,False
260,Jerusalem,9,0,437,6,70,1,True,1,252,True,False,1,0,0,one_sided,0,False,0,1.0,0,1.0,0,True,-6,0,0,0,0,0,0,7,True,0,0,0,False,False,2,True,True,True,False,False,False,True,False,False
261,Jesus walking on water,9,10,29,0,14,4,False,1,11,False,False,0,0,0,one_sided,0,False,0,1.0,0,1.0,0,False,0,-4,-4,0,0,-3,0,2,True,0,0,1,True,True,0,True,True,False,False,True,False,False,False,False
262,Judas the Zealot,8,1,1,0,1,1,False,1,1,True,False,0,0,0,unclassifiable,0,False,0,1.0,0,1.0,0,False,0,0,0,0,0,0,0,0,False,0,0,0,False,False,0,True,True,False,False,False,False,False,False,False
263,Parable of Drawing in the Net,8,2,15,0,0,1,False,0,29,False,False,0,1,0,one_sided,0,False,0,1.0,0,1.0,0,False,0,0,0,0,-2,0,0,0,True,0,0,0,False,False,0,True,True,False,False,False,True,False,False,False
264,Triumphal entry into Jerusalem,8,44,60,1,2,2,False,0,41,True,False,1,0,0,one_sided,0,False,2,1.0,-8,1.0,0,False,0,-2,-2,0,0,-3,0,2,False,0,0,7,True,True,0,True,True,False,True,False,False,False,False,False
265,True Cross,8,1,58,0,3,0,True,0,40,True,False,0,1,0,unclassifiable,0,False,0,1.0,0,1.0,0,False,0,0,0,0,0,0,0,0,True,0,0,0,False,False,0,True,True,False,True,False,False,False,False,False
266,Parable of a scribe,7,1,1,0,0,0,False,0,2,False,False,0,0,0,unclassifiable,0,False,0,1.0,0,1.0,0,False,0,0,0,0,0,0,0,1,True,0,0,0,False,False,0,False,False,False,False,False,True,False,False,False
267,Simon the Leper,7,2,14,0,0,0,False,0,1,True,False,0,0,0,unclassifiable,0,False,0,1.0,0,1.0,0,False,0,0,0,0,0,0,0,1,False,0,0,0,False,False,0,True,True,False,False,False,False,True,False,False
268,Doubting Thomas,6,1,27,0,0,0,False,1,13,False,False,0,0,0,one_sided,0,False,0,1.0,0,1.0,0,False,0,-2,-2,0,-2,0,0,2,False,0,0,0,False,False,0,True,True,False,True,False,False,False,False,False
269,Oral gospel traditions,6,0,46,3,20,0,False,1,12,False,False,0,0,0,clear_split,10,False,0,1.0,0,1.0,0,True,0,0,0,0,-2,-3,0,1,False,0,0,5,True,True,0,True,True,False,False,False,False,False,False,True
270,Parable of the Ten Virgins,6,5,34,0,0,1,False,1,22,True,False,0,0,0,muddled,-5,False,1,0.5,-3,1.0,0,False,0,0,0,0,0,-1,0,0,True,0,0,1,False,False,0,True,True,False,False,False,True,False,False,False
271,The blind leading the blind,6,1,9,1,2,0,False,0,11,False,False,0,0,0,unclassifiable,0,False,0,1.0,0,1.0,0,False,0,0,0,0,-2,0,0,0,True,0,0,0,False,False,0,True,True,False,False,False,True,False,False,False
272,Jesus' true relatives,5,6,0,0,0,0,False,0,7,False,False,0,0,0,one_sided,0,False,0,1.0,0,1.0,0,False,0,0,0,0,-2,0,0,0,False,0,0,0,False,False,0,True,True,False,False,False,False,False,True,False
273,The Grain of Wheat,4,1,7,0,0,0,False,0,8,True,False,0,0,0,one_sided,0,False,0,1.0,0,1.0,0,False,0,0,0,0,0,0,0,0,True,0,0,0,False,False,0,True,True,False,True,False,True,False,True,False
274,Pilate stone,1,0,11,2,4,0,True,0,3,True,False,2,0,0,unclassifiable,0,False,0,1.0,0,1.0,0,True,0,0,0,0,0,0,0,0,False,0,0,0,False,False,0,True,True,False,False,False,False,False,False,False
275,Praetorium,1,0,11,0,1,0,True,0,3,False,False,0,0,0,unclassifiable,0,False,0,1.0,0,1.0,0,True,0,0,0,0,0,0,0,0,False,0,0,0,False,False,0,True,True,False,False,False,False,True,False,False
276,Matthias the Apostle,0,0,18,1,1,0,False,0,10,True,False,0,3,0,unclassifiable,0,False,0,1.0,0,1.0,0,True,0,0,0,0,0,0,0,0,False,0,0,0,False,False,0,True,True,False,False,False,False,True,False,False
277,Naked fugitive,-1,0,12,3,4,0,False,1,6,False,False,0,0,0,one_sided,0,False,0,1.0,0,1.0,0,True,0,0,0,0,0,0,0,0,False,0,0,0,False,False,0,True,True,False,True,False,False,False,False,False
278,Wolf in sheep's clothing,-1,0,30,2,6,0,False,0,16,True,False,0,1,0,unclassifiable,0,False,0,1.0,0,1.0,0,True,0,0,0,0,0,0,0,0,False,0,0,0,False,False,0,True,True,False,False,False,False,False,True,False
279,Tomb of Jesus,-4,0,21,0,1,0,True,0,15,False,False,0,0,0,one_sided,0,False,0,1.0,0,1.0,0,True,0,0,0,0,0,0,0,0,True,0,0,0,False,False,1,True,True,True,False,False,False,False,False,False
280,Mount of Beatitudes,-5,0,3,0,0,0,True,0,0,False,False,0,0,0,unclassifiable,0,False,0,1.0,0,1.0,0,True,0,0,0,0,0,0,0,0,False,0,0,0,False,False,0,True,True,False,False,False,False,False,True,False
